run_id,threat_type,aggressor_site_id,defender_site_id,initial_threat_x,initial_threat_y,initial_threat_z,initial_threat_vx,initial_threat_vy,initial_threat_vz,radar_3s_x,radar_3s_y,radar_3s_z,radar_3s_vx,radar_3s_vy,radar_3s_vz,outcome,miss_distance_m,time_to_intercept_s,intercept_x,intercept_y,intercept_z
0,high_ballistic,7,1,90000.0,20000.0,0.0,2703.996448273686,-270.2293540547749,1529.8592852829775,97704.71107352176,19230.014115622907,4788.042256420219,2568.2370245073607,-256.66196145903234,1581.2990854734028,MISS,84.48975217803593,183.24842930206592,560625.4001833603,-27032.90016755985,130453.75663170932
1,quasi_ballistic,0,0,15000.0,-75000.0,0.0,1568.3217655887636,136.1257635683422,910.2901408801016,19704.965296766313,-74591.62270929519,2740.725422640307,1568.3217655887636,136.1257635683422,916.8601408801031,HIT,0.016162194620105617,229.57721518182552,372078.2969494171,-29843.86987816418,37342.23204266933
2,supersonic_cruise,2,2,10000.0,5000.0,0.0,1031.3466948155524,91.08726806444167,120.0,13094.040084446642,5273.2618041933165,259.7611575195571,1031.3466948155524,91.08726806444167,64.09553699217709,HIT,0.03201644860536613,272.8064967250391,291358.077151522,29849.19855263317,4079.8052892599685
3,high_ballistic,9,0,85000.0,-85000.0,0.0,2693.8097352777872,40.08553049552873,1539.4509862634743,93381.99908636103,-84875.27074552054,4408.598563853086,2793.99969545362,41.576418159708915,1454.8178546176919,MISS,78.93829054028302,164.35341090791556,544203.3793328658,-78166.77400496224,111447.13023594889
4,quasi_ballistic,3,3,45000.0,45000.0,0.0,1581.0928535841906,1.7473642965757363,892.9228208319023,49743.27856075237,45005.24209288982,2688.6234624957096,1581.0928535841906,1.7473642965757363,899.4928208319038,HIT,0.031094368606272575,225.60923527665548,399891.99347228574,72230.2217438916,36812.39612991347
5,supersonic_cruise,7,2,90000.0,20000.0,0.0,1178.5329259559005,-22.087638785909498,120.0,93535.59877786785,19933.737083642336,259.7611575195571,1178.5329259559005,-22.087638785909498,64.09553699217709,HIT,0.017639638966928283,220.34746425230352,349686.74101149593,15133.044815983647,4033.592759095171
6,high_ballistic,8,2,70000.0,60000.0,0.0,3160.7298734840406,-442.14965184527284,1334.0185094337335,78889.27783456427,58756.49256436576,4224.846260839839,2963.0926115213006,-414.50247854471036,1393.5670869466096,MISS,31.342463618443002,162.1448675570838,550450.2578588751,-7209.445495155816,101774.54381629423
7,quasi_ballistic,7,2,90000.0,20000.0,0.0,1445.6615500465628,47.204049088134525,852.3284767611242,94336.98465013993,20141.612147264314,2566.8404302833746,1445.6615500465628,47.204049088134525,858.8984767611257,HIT,0.008628098926014313,215.87787732768598,397721.6582369761,55657.06083231048,17057.40021472572
8,supersonic_cruise,7,2,90000.0,20000.0,0.0,979.661212064046,-3.985732309196345,120.0,92938.98363619228,19988.042803072312,259.7611575195571,979.661212064046,-3.9857323091963086,64.09553699217709,HIT,0.0008829215725060359,224.3247982012502,309762.3037341001,19105.901403279757,3183.730717825106
9,high_ballistic,6,2,65000.0,-15000.0,0.0,3014.6352422689197,190.13611847216475,1365.1759980657314,72721.60106803232,-14512.990747643053,4752.73180763028,2573.867022677433,162.3364174523038,1569.5289358767563,HIT,0.0008136649768799983,175.3728770761503,516386.46494659444,13469.404458854395,129557.58816606422
10,quasi_ballistic,3,2,45000.0,45000.0,0.0,1506.221908859747,-143.53783604362866,993.4641735215966,49518.6657265792,44569.386491868936,2990.2475205647925,1506.221908859747,-143.53783604362866,1000.0341735215982,HIT,0.07218116708177184,231.3470382096464,389044.8328640623,-10848.047027246452,32745.56546571738
11,supersonic_cruise,8,3,70000.0,60000.0,0.0,960.226853763613,-77.48052676799296,120.0,72880.68056129123,59767.55841969585,259.7611575195571,960.226853763613,-77.48052676799296,64.09553699217709,HIT,0.017885591251251182,266.049829313669,325468.18985029496,39386.31907119653,2749.5209279350556
12,high_ballistic,0,1,15000.0,-75000.0,0.0,2822.9208254872055,192.42333120181854,1577.3475320400921,23972.01688394147,-74388.4258599038,4422.469953296457,2990.672294647162,203.8580466987319,1459.4416510988156,HIT,0.0038822826871492155,167.732787850226,516633.8013321862,-40806.32182575532,111733.91673826671
13,quasi_ballistic,4,3,25000.0,85000.0,0.0,1510.2637148885624,-202.33876985315788,850.833018693089,29530.79114466571,84392.9836904403,2562.354056079269,1510.2637148885624,-202.33876985315788,857.4030186930905,HIT,0.017099585587853808,245.23695761437665,395151.0855740183,55761.69066909268,32625.163520832764
14,supersonic_cruise,6,2,65000.0,-15000.0,0.0,982.3312060100742,-23.14126579251778,120.0,67946.99361803039,-15069.42379737753,259.7611575195571,982.3312060100742,-23.14126579251778,64.09553699217709,HIT,0.014618866372758596,258.0953288617603,318535.0952355468,-20972.6526249413,1610.6535453629976
15,high_ballistic,2,2,10000.0,5000.0,0.0,3196.6439783175724,1.8959073780574884,1470.08426833348,20401.147661602517,5006.168848556681,4022.1393747544653,3467.049220534185,2.056282852230161,1325.9981249181517,HIT,0.019405702983932353,157.66612253335393,556636.2052448213,5324.206114802121,91773.6442151992
16,quasi_ballistic,0,0,15000.0,-75000.0,0.0,1598.4536598426675,85.44635570739607,1017.2185721413981,19795.360979527937,-74743.66093287739,3061.5107164241963,1598.4536598426675,85.44635570739607,1023.7885721413996,MISS,57.60185191252833,228.72565253143625,377054.7515288474,-26623.234523589515,36429.293934596615
17,supersonic_cruise,3,2,45000.0,45000.0,0.0,964.4794727433747,-48.213064442483876,120.0,47893.43841823022,44855.3608066724,259.7611575195571,964.4794727433747,-48.213064442483876,64.09553699217709,HIT,0.0010888004851856905,253.42348383286466,289421.74811339605,32781.67724067995,3435.518913717893
18,high_ballistic,8,4,70000.0,60000.0,0.0,2589.1847640706897,50.60782362997644,1593.8641457477072,77849.99335765751,60153.434812707565,4687.232106616931,2616.664452552559,51.14493756923457,1547.69570220564,HIT,0.003015503732520892,180.67596102194855,542768.3644354289,69240.66082362864,124830.85351513393
19,quasi_ballistic,0,0,15000.0,-75000.0,0.0,1652.0650104681933,3.195337168490328,1127.088098058566,19956.19503140461,-74990.41398849426,3391.1192941757004,1652.0650104681933,3.195337168490328,1133.6580980585675,HIT,0.010676427268091676,216.5744130763579,370899.1767310988,-89286.50041960673,37597.214978494514
20,supersonic_cruise,7,2,90000.0,20000.0,0.0,1169.9854882598431,56.19292029661579,120.0,93509.9564647791,20168.578760889795,259.7611575195571,1169.9854882598431,56.19292029661579,64.09553699217709,HIT,0.0009480174371673296,227.37068354460342,356020.4002447249,32776.62269621214,3856.022425495149
21,high_ballistic,1,2,30000.0,-35000.0,0.0,2819.2105253582768,139.2680146297894,1541.6466099735305,38425.945476294,-34583.761238365405,4598.1870982831,2808.648492097968,138.74625387819387,1518.0140327610297,HIT,0.004617144751071465,170.8892640156782,509967.873443644,-11289.754860624696,121200.17729346431
22,quasi_ballistic,4,3,25000.0,85000.0,0.0,1614.358785850365,-197.1397740470317,1058.0456071595731,29843.076357551035,84408.58067785914,3183.9918214787217,1614.358785850365,-197.1397740470317,1064.6156071595747,HIT,0.07797239151183329,223.5479670535663,383585.8969038918,35876.7828760297,33696.716451841785
23,supersonic_cruise,5,1,80000.0,-65000.0,0.0,1069.7986163835983,168.7759989743581,120.0,83209.3958491509,-64493.67200307708,259.7611575195571,1069.7986163835983,168.7759989743581,64.09553699217709,HIT,0.00844079132655316,237.58769869533566,334170.99097069365,-24900.898803227436,3884.4297059014425
24,high_ballistic,2,2,10000.0,5000.0,0.0,3458.8106492090333,158.2599530405188,1343.241515916624,19824.734964672967,5449.536633206644,4211.864214269999,3274.9116548909933,149.8455444022121,1389.2397380899965,HIT,0.006883285976782434,157.01361308815694,524205.7108632873,28527.789494738223,101826.15316739537
25,quasi_ballistic,8,2,70000.0,60000.0,0.0,1574.4888427735764,-153.93379536036412,988.7728770333592,74723.46652832115,59538.19861391894,2976.1736311000795,1574.4888427735764,-153.93379536036412,995.3428770333608,HIT,0.030124605839970474,218.2079731983305,407769.24567268306,-3816.138472691579,30509.763659099735
26,supersonic_cruise,1,2,30000.0,-35000.0,0.0,1093.6572463733119,134.10538843557688,120.0,33280.971739119996,-34597.68383469331,259.7611575195571,1093.6572463733119,134.10538843557688,64.09553699217709,HIT,0.034140473420297766,228.802918606321,280231.96872720984,-4316.295741200462,3210.1664821264267
27,high_ballistic,1,2,30000.0,-35000.0,0.0,3222.172654132707,349.12678383398304,1373.4711404067314,39323.944038364134,-33989.73799849409,4227.657810575377,3107.9813461213603,336.7540005020085,1394.504270191789,HIT,0.025121724571777106,162.00144089533885,533497.4543233081,19554.62934479177,101950.30535751817
28,quasi_ballistic,1,2,30000.0,-35000.0,0.0,1566.5082499827045,179.1037375999555,966.6132462269692,34699.52474994818,-34462.68878720017,2909.6947386809097,1566.5082499827045,179.1037375999555,973.1832462269707,HIT,0.020400255570295026,216.27130520970124,360588.35038266936,40827.27375705051,39579.53863052413
29,supersonic_cruise,1,1,30000.0,-35000.0,0.0,909.0080449877679,50.74332868424469,120.0,32727.024134963358,-34847.77001394745,259.7611575195571,909.0080449877679,50.74332868424469,64.09553699217709,MISS,73.1236677642464,259.35875089935524,265759.19076274754,-21839.27364847689,2896.7893517754
30,high_ballistic,5,1,80000.0,-65000.0,0.0,2712.1895757398242,104.91428699754162,1580.1030167188665,88728.60678237077,-64662.35562394082,4374.641564284222,2909.535594123549,112.54812535299084,1443.4988547614041,HIT,0.013133484838485083,170.51164623769688,576109.7026295832,-45809.23401496871,108542.47444362918
31,quasi_ballistic,3,3,45000.0,45000.0,0.0,1491.2577134864162,-15.12299934478264,824.253353551692,49473.773140459234,44954.631001965754,2482.615060655078,1491.2577134864162,-15.12299934478264,830.8233535516936,HIT,0.03862462792243709,235.10965488328563,385080.30536909914,-14610.713639400368,41631.927983785274
32,supersonic_cruise,9,1,85000.0,-85000.0,0.0,1118.9758890302494,230.32355709179663,120.0,88356.92766709079,-84309.02932872472,259.7611575195571,1118.9758890302494,230.32355709179663,64.09553699217709,HIT,0.005097289735491096,244.1106904084412,358153.9765953148,-28775.557461276534,3587.920079695108
33,high_ballistic,8,2,70000.0,60000.0,0.0,2721.0215868557957,-302.50017367451596,1615.1936590692567,78682.77835730696,59034.72211549131,4511.400436240616,2894.2594524357874,-321.75929483625015,1489.0851454135352,HIT,0.010384825919040382,160.59497063050802,534803.5110493416,8327.076816607845,117362.30784737627
34,quasi_ballistic,9,1,85000.0,-85000.0,0.0,1433.6424609979222,221.48937003213481,797.914584271153,89300.9273829934,-84335.53188990336,2403.598752813461,1433.6424609979222,221.48937003213481,804.4845842711545,HIT,0.05223913652151167,212.04470405829764,389703.50197401765,-48203.01661833041,19130.797443836305
35,supersonic_cruise,4,4,25000.0,85000.0,0.0,1013.5685942176377,-158.04802352818288,120.0,28040.70578265295,84525.85592941527,259.7611575195571,1013.5685942176377,-158.04802352818288,64.09553699217709,HIT,0.003958979220816879,272.8309077214353,301532.83944305766,41879.61426658355,2695.5122298294614
36,high_ballistic,9,1,85000.0,-85000.0,0.0,2756.5332983976705,293.42538973320035,1539.3737726756353,92895.604076944,-84159.53465724364,4792.725642876052,2631.8680256480643,280.15511425203266,1582.860214292014,HIT,0.002348345061916339,173.67510971670552,542089.9679309214,-36344.030095595124,132064.95455421793
37,quasi_ballistic,3,2,45000.0,45000.0,0.0,1621.68826852935,-115.74149835745142,984.9289231425495,49865.06480558819,44652.77550492785,2964.6417694276506,1621.68826852935,-115.74149835745142,991.498923142551,HIT,0.011955381169479678,204.48651863656573,373794.0562966038,18753.1353176776,36547.39555564915
38,supersonic_cruise,1,1,30000.0,-35000.0,0.0,995.5379351038663,64.12036289657435,120.0,32986.61380531159,-34807.63891131006,259.7611575195571,995.5379351038663,64.12036289657435,64.09553699217709,HIT,0.00790814529109234,262.28755292307466,291117.20850844955,-18182.026914499533,3467.1639660439014
39,high_ballistic,9,1,85000.0,-85000.0,0.0,2722.455713715459,332.99977647323,1593.9008879924231,94171.2075704179,-83878.21496762888,4214.173320312466,3057.069190139381,373.9283441236576,1390.0094401041517,HIT,0.005954913300895009,157.76891487870984,567310.488282756,-26005.73182386047,101852.92012114284
40,quasi_ballistic,8,3,70000.0,60000.0,0.0,1692.1167820468518,-88.40462645493618,935.134478244766,75076.35034614039,59734.7861206354,2815.2584347342995,1692.1167820468518,-88.40462645493618,941.7044782447675,HIT,0.03833685070612246,211.33196451731195,422251.79777936277,3142.158284614544,27792.416443089023
41,supersonic_cruise,6,1,65000.0,-15000.0,0.0,1159.5147176575322,-71.8765882824459,120.0,68478.54415297275,-15215.62976484729,259.7611575195571,1159.5147176575322,-71.8765882824459,64.09553699217709,MISS,78.67714654831893,223.94758753979073,324670.5231566478,-31096.58854267201,3015.7488606019588
42,high_ballistic,8,4,70000.0,60000.0,0.0,2619.390465126683,63.852435291369225,1614.0294452181374,78626.44721722318,60210.28543474749,4366.704460386496,2875.482405741162,70.09514491577657,1440.853153462162,HIT,0.02453406093371664,166.5553697845651,548927.0333468651,71674.72303153324,108815.47619023331
43,quasi_ballistic,8,2,70000.0,60000.0,0.0,1670.9820039816866,-210.83121075347745,1113.4605665287047,75012.94601194531,59367.50636773941,3350.236699586116,1670.9820039816866,-210.83121075347745,1120.0305665287062,HIT,0.02191797420416626,194.53263404073917,386908.98245925445,-17064.164250046964,31093.81685871783
44,supersonic_cruise,1,2,30000.0,-35000.0,0.0,1139.8336316298355,81.16157748291774,120.0,33419.50089488947,-34756.51526755144,259.7611575195571,1139.8336316298355,81.16157748291774,64.09553699217709,HIT,0.017374089011699203,250.40809306752968,315423.56529684673,-14676.484180944175,4100.5974671365175
45,high_ballistic,1,0,30000.0,-35000.0,0.0,2652.485828464392,-120.00567682540792,1623.854699121411,38199.6693838112,-35370.975355867995,4683.51685776698,2733.223127937045,-123.65845195592789,1546.4572859223238,HIT,0.008962908998943387,179.40058969473105,520341.8404389649,-57184.39917868297,124849.78923045745
46,quasi_ballistic,8,2,70000.0,60000.0,0.0,1636.7887789015042,-160.0743415377913,1002.7508071787947,74910.36633670417,59519.776975386485,3018.1074215363865,1636.7887789015042,-160.0743415377913,1009.3208071787963,HIT,0.042575734274872476,212.67449333595994,408684.65350998915,-13532.782218952472,29876.868836050024
47,supersonic_cruise,1,1,30000.0,-35000.0,0.0,933.3404306239039,-45.6715577953065,120.0,32800.02129187182,-35137.01467338586,259.7611575195571,933.3404306239039,-45.6715577953065,64.09553699217709,HIT,0.002498324954313035,258.5211738182569,271288.26377030055,-46807.064729814185,1852.5799873374126
48,high_ballistic,0,1,15000.0,-75000.0,0.0,2987.4918378208617,267.90640372148914,1466.642732817174,23750.15418215262,-74215.32092263049,4462.546872932711,2916.718060717528,261.55969245637294,1472.8006243109005,HIT,0.007406667008068545,175.0275823570357,525506.1098316081,-29219.84014359221,112668.8208506268
49,quasi_ballistic,5,1,80000.0,-65000.0,0.0,1451.6533373057891,223.42944307080424,949.007497693132,84354.96001191728,-64329.711670787656,2856.877493079398,1451.6533373057891,223.42944307080424,955.5774976931335,HIT,0.06198415544542709,225.34928337853688,405924.3549136425,-19677.73919539058,24889.671305492862
50,supersonic_cruise,2,2,10000.0,5000.0,0.0,977.6512027083046,-86.60133491829619,120.0,12932.95360812488,4740.195995245085,259.7611575195571,977.6512027083046,-86.60133491829619,64.09553699217709,HIT,0.004502246416165387,253.58354301837528,257916.2556176241,-16960.67334568684,4351.232210139119
51,high_ballistic,9,0,85000.0,-85000.0,0.0,2960.936209723381,125.85162671968264,1414.424474459816,93536.97906364163,-84637.14425900049,4371.021711799962,2845.6596878805035,120.9519136664695,1442.2922372666505,MISS,36.75823140314871,164.35214600100358,552690.2756982979,-65121.294770069435,109388.68007208596
52,quasi_ballistic,4,4,25000.0,85000.0,0.0,1412.0979336692187,-76.40669100784453,967.4459248672946,29236.293801007632,84770.77992697683,2912.192774601886,1412.0979336692187,-76.40669100784453,974.0159248672961,HIT,0.025381999693018496,231.28237086774408,348501.0613771393,108907.5960921496,39870.443646166095
53,supersonic_cruise,1,1,30000.0,-35000.0,0.0,1018.882176093287,-27.895876597532098,120.0,33056.64652827996,-35083.6876297924,259.7611575195571,1018.882176093287,-27.895876597532187,64.09553699217709,HIT,3.8700657798802975e-05,259.512459419514,294412.61937495356,-42239.32754346086,3832.8068319316194
54,high_ballistic,0,1,15000.0,-75000.0,0.0,3254.5412550323454,233.01284304639142,1460.1520943428889,23964.211671246976,-74358.1963528783,4726.952407720806,2988.0705570823393,213.93454904047627,1560.9358025735983,HIT,0.006459103160365468,177.03747982417784,544000.4807617385,-37125.567274115325,127820.53299383841
55,quasi_ballistic,4,4,25000.0,85000.0,0.0,1600.0466187762545,-123.15957621128729,1107.6156391218176,29800.13985632875,84630.52127136645,3332.7019173654553,1600.0466187762545,-123.15957621128729,1114.1856391218191,HIT,0.04471393795317779,234.9941218436199,400422.4896529796,69150.4475452009,40195.75635162009
56,supersonic_cruise,0,0,15000.0,-75000.0,0.0,998.7759540512739,100.97487416589263,120.0,17996.32786215387,-74697.07537750248,259.7611575195571,998.7759540512739,100.97487416589263,64.09553699217709,HIT,0.0060044498969736545,247.13582803488566,261833.32225866284,-50045.49085494815,1840.66977904027
57,high_ballistic,5,0,80000.0,-65000.0,0.0,2864.2642086833553,-28.388163070539044,1569.9987167089464,89228.3087597083,-65091.463187348854,4341.49284994275,3076.102919902695,-30.48772911633753,1432.4492833142467,HIT,0.01790133734451017,156.00753041103155,559895.2184311389,-69756.31541546866,108684.5813502339
58,quasi_ballistic,1,2,30000.0,-35000.0,0.0,1541.54189109951,174.4540253719429,1080.7798538354043,34624.62567329843,-34476.63792388412,3252.1945615062155,1541.54189109951,174.4540253719429,1087.3498538354058,HIT,0.0962057389150529,235.04586148643997,387099.63813626394,28013.038789531038,37297.041535171236
59,supersonic_cruise,0,0,15000.0,-75000.0,0.0,1078.5598064735168,63.11907020429132,120.0,18235.679419420532,-74810.6427893872,259.7611575195571,1078.5598064735168,63.11907020429132,64.09553699217709,HIT,0.0024843303299467165,237.0197871038002,270640.01581103634,-60039.5314203918,4087.0923642134767
60,high_ballistic,7,2,90000.0,20000.0,0.0,2775.399285317219,5.9455175733831265,1439.628875134914,98336.59251825535,20017.858820379988,4269.3565273683025,2778.864172751904,5.952940126686249,1408.4038424560972,HIT,0.004271642423307923,167.9702497328636,556766.5087435163,20999.916608302243,103123.62017982264
61,quasi_ballistic,6,1,65000.0,-15000.0,0.0,1435.2152406653959,-80.6775445666364,915.287025369775,69305.64572199626,-15242.032633699928,2755.7160761093273,1435.2152406653959,-80.6775445666364,921.8570253697766,HIT,0.029381715333893516,224.38315864604047,385885.83494460257,-35922.86061375391,32182.514725510468
62,supersonic_cruise,9,0,85000.0,-85000.0,0.0,985.8182839115021,168.256473020068,120.0,87957.45485173451,-84495.23058093997,259.7611575195571,985.8182839115021,168.256473020068,64.09553699217709,HIT,0.0030268288251637894,236.46744318859155,318113.92914929154,-45212.822030885,2542.8591532600212
63,high_ballistic,0,2,15000.0,-75000.0,0.0,3419.099270818062,399.43543845485186,1341.830350031518,25152.186529279134,-73813.97328465799,4023.024217498683,3384.0621764263606,395.3422384474754,1326.2930724995576,HIT,0.04638473628924748,156.2432268645626,543736.7897354029,-13230.456331098616,92081.98438106726
64,quasi_ballistic,0,1,15000.0,-75000.0,0.0,1676.5890305263779,239.02089293803263,950.046375712461,20029.767091579124,-74282.9373211856,2859.994127137385,1676.5890305263779,239.02089293803263,956.6163757124625,HIT,0.0526954812244625,219.788636765168,381522.2111822725,-18234.954844752334,32512.183570720874
65,supersonic_cruise,9,0,85000.0,-85000.0,0.0,1105.5235017324644,54.60804678207751,120.0,88316.57050519716,-84836.17585965374,259.7611575195571,1105.5235017324644,54.60804678207751,64.09553699217709,HIT,0.009925734720485978,242.48793353845704,353076.10893227154,-71758.20757984274,4185.61557355999
66,high_ballistic,8,2,70000.0,60000.0,0.0,2946.259217698498,-382.04426434967354,1504.5679711277355,78888.54220259149,58847.41418999023,4444.287903054658,2962.8474008637936,-384.19527000328793,1466.714301018216,HIT,0.002609948573354739,155.61151722496732,531053.1792461884,214.79169665855582,114042.98472977741
67,quasi_ballistic,3,2,45000.0,45000.0,0.0,1620.0662812630303,-127.61156925894754,990.2854276104866,49860.19884378897,44617.16529222336,2980.711282831462,1620.0662812630303,-127.61156925894754,996.8554276104882,HIT,0.056280158045349644,212.01493787636318,387578.9926457176,39604.790336697915,37010.38711421725
68,supersonic_cruise,4,4,25000.0,85000.0,0.0,1063.3195061798033,-68.53220367681033,120.0,28189.958518539497,84794.40338896937,259.7611575195571,1063.3195061798033,-68.53220367681033,64.09553699217709,HIT,0.008908028652620761,260.93761744492633,302460.0582010014,67117.37004504591,2568.285735505905
69,high_ballistic,6,2,65000.0,-15000.0,0.0,3192.8193299623763,282.3207864568476,1357.7171957762387,73209.43236252904,-14274.091903915905,4708.255609784785,2736.477454176357,241.969365361367,1554.7035365949248,MISS,19.222774858298084,163.91883441407427,513560.194669264,24663.336192738738,127874.99496523206
70,quasi_ballistic,4,3,25000.0,85000.0,0.0,1464.1423416204254,-232.9312869996607,1029.8767614136013,29392.427024861172,84301.206139001,3099.4852842408063,1464.1423416204254,-232.9312869996607,1036.4467614136029,HIT,0.06369247907666124,247.25616832788748,383351.20541528886,28301.26170513865,40386.06817719794
71,supersonic_cruise,7,2,90000.0,20000.0,0.0,958.3809830951477,45.75319657706205,120.0,92875.1429492858,20137.259589731184,259.7611575195571,958.3809830951477,45.75319657706205,64.09553699217709,HIT,0.013226603311436491,229.0463034632197,309513.6209060069,30479.600573022843,4403.975611863741
72,high_ballistic,5,0,80000.0,-65000.0,0.0,2910.136555138282,9.230555420240442,1480.0670916980819,88996.37776084128,-64971.46471929096,4264.78656768086,2998.7925869470155,9.511760236387028,1406.8805225602832,HIT,0.004149681648948006,157.511589396862,552344.5864125323,-63501.78774232986,104542.99258945121
73,quasi_ballistic,6,1,65000.0,-15000.0,0.0,1681.248696245923,-73.0931438032592,918.0869603013781,70043.74608873768,-15219.279431409814,2764.1158809041367,1681.248696245923,-73.0931438032592,924.6569603013796,HIT,0.10593779755096008,211.80026090168795,417508.28823043086,-56029.98203970948,30296.494883111725
74,supersonic_cruise,0,0,15000.0,-75000.0,0.0,1010.8579120039474,124.29015973459019,120.0,18032.573736011815,-74627.129520796,259.7611575195571,1010.8579120039474,124.29015973459019,64.09553699217709,HIT,0.012936388005752888,260.4441404477942,278272.01940109755,-42629.35615181879,4298.807761591603
75,high_ballistic,7,2,90000.0,20000.0,0.0,2785.4248345028363,78.27927515748758,1572.1677177988488,99350.82334452833,20262.787803306783,4170.713263738771,3116.9411148426416,87.59593443561825,1375.5227545795872,HIT,0.009035064722155326,148.3376393438043,552359.6862953884,32993.7729223873,100477.49527447537
76,quasi_ballistic,3,2,45000.0,45000.0,0.0,1638.9352625373922,-53.80083770237327,991.6873705871644,49916.80578761225,44838.597486892686,2984.917111761495,1638.9352625373922,-53.80083770237327,998.257370587166,HIT,0.015009609233653243,212.83845050433257,391292.8676998471,64120.873457631504,38565.38230702757
77,supersonic_cruise,0,0,15000.0,-75000.0,0.0,1056.0057826042623,58.59779395558812,120.0,18168.017347812784,-74824.20661813288,259.7611575195571,1056.0057826042623,58.59779395558798,64.09553699217709,HIT,0.02128747957726059,238.1072291950001,266442.6100264025,-61047.44162509609,4219.405725895105
78,high_ballistic,3,2,45000.0,45000.0,0.0,3064.503589361313,-76.70061841080906,1495.5911199608984,54975.85628034707,44750.31703387911,4090.758113960995,3325.2854267822904,-83.22765537364216,1348.871037986995,HIT,0.0171259656570248,152.22913754762232,551205.3306503153,32330.32505932685,96150.5416463382
79,quasi_ballistic,4,3,25000.0,85000.0,0.0,1433.2622573609046,-224.47824004243972,942.0622841408903,29299.786772082734,84326.56527987245,2836.041852422672,1433.2622573609046,-224.47824004243972,948.6322841408916,HIT,0.09548737163781203,241.69920332297693,354484.3748586194,-18761.97112449577,35927.76627824177
80,supersonic_cruise,3,3,45000.0,45000.0,0.0,943.4333497083605,8.976580615477854,120.0,47830.30004912507,45026.92974184625,259.7611575195571,943.4333497083605,8.976580615477927,64.09553699217709,HIT,0.013197345874661702,255.4461097733999,285996.37859897886,47293.032598923164,2187.7476000572
81,high_ballistic,4,4,25000.0,85000.0,0.0,3266.3413553482233,-8.071504623557077,1438.1288769310406,34915.24711765509,84975.498285621,4219.669902816219,3305.0823725516766,-8.16723812641555,1391.8416342720698,HIT,0.02679498707063908,165.78133923889797,572920.9799645266,83646.02451682716,100813.99878991646
82,quasi_ballistic,9,0,85000.0,-85000.0,0.0,1657.4293220200295,163.27215233984654,890.2687404822447,89972.2879660601,-84510.18354298023,2680.6612214467364,1657.4293220200295,163.27215233984654,896.8387404822462,HIT,0.004653926901804171,200.01274420986437,413178.7940466446,-42611.228375918385,18692.72850012904
83,supersonic_cruise,9,0,85000.0,-85000.0,0.0,917.7451346355094,64.19035302794747,120.0,87753.23540390644,-84807.42894091614,259.7611575195571,917.7451346355094,64.19035302794747,64.09553699217709,HIT,0.00254430444606775,228.53161625015116,294733.77885818447,-70330.47487408931,1731.9619260169402
84,high_ballistic,9,0,85000.0,-85000.0,0.0,2745.590011101989,53.26695184706457,1605.867771070482,93744.88646731625,-84830.34122193058,4493.5343341941525,2914.962155772115,56.55292602306928,1483.1297780647144,HIT,0.010350299694003364,156.19926710549385,540314.9515690585,-76166.47462202465,116587.52062811781
85,quasi_ballistic,8,2,70000.0,60000.0,0.0,1642.9542113811658,-205.26484860921,1043.7186457223033,74928.86263414344,59384.205454172334,3141.0109371669123,1642.9542113811658,-205.26484860921,1050.2886457223049,HIT,0.054210611407622455,197.64396741887438,388575.6490319333,-10374.156548430597,30076.029987789312
86,supersonic_cruise,0,0,15000.0,-75000.0,0.0,1164.643346313698,-11.21514846853756,120.0,18493.93003894108,-75033.64544540585,259.7611575195571,1164.643346313698,-11.215148468537455,64.09553699217709,HIT,0.012309981319958366,260.88950550497225,318843.2262720562,-77925.91454005931,2244.6731888421
87,high_ballistic,5,0,80000.0,-65000.0,0.0,2771.5094829712375,43.72002829219233,1490.1834934654776,88245.7529438188,-64869.924835469865,4463.693084019558,2748.5843146061297,43.358388176694234,1473.1826946731828,HIT,0.0072885177393183535,160.30060364753314,520599.7242573347,-58049.62478383159,114829.45484805582
88,quasi_ballistic,7,2,90000.0,20000.0,0.0,1401.7461066234769,-4.612681215851181,919.0203145973855,94205.23831987084,19986.16195635237,2766.9159437921585,1401.7461066234769,-4.612681215851181,925.5903145973871,HIT,0.0334152221731697,223.88215641571014,395234.0007336417,67760.05720898896,18271.003326526035
89,supersonic_cruise,7,2,90000.0,20000.0,0.0,1104.695915311576,-72.5726564614213,120.0,93314.08774593438,19782.282030615752,259.7611575195571,1104.695915311576,-72.5726564614213,64.09553699217709,HIT,0.0020049665833784818,227.26882041167963,341062.93766349624,3506.4979720588126,3082.944189954659
90,high_ballistic,7,3,90000.0,20000.0,0.0,3036.6912077946527,204.32854105411982,1447.5478559769256,99042.83531949768,20608.461388198775,4330.788439146532,3014.278439832436,202.82046273290322,1428.8811463821737,MISS,28.49719087093999,166.606956101851,592199.7529410279,53791.29636483506,106812.40756224692
91,quasi_ballistic,1,1,30000.0,-35000.0,0.0,1618.5995308899537,31.193140557082145,926.2982432392845,34855.79859266987,-34906.42057832854,2788.7497297178556,1618.5995308899537,31.193140557082145,932.868243239286,HIT,0.033244934434513734,227.4771050300862,395167.1164338462,-2165.986682909688,32353.35275190632
92,supersonic_cruise,7,2,90000.0,20000.0,0.0,1105.8558570451457,-89.32283342611257,120.0,93317.5675711353,19732.031499721634,259.7611575195571,1105.8558570451457,-89.32283342611257,64.09553699217709,HIT,0.0060017810882814875,221.73430187087513,335206.176176641,194.06388731379207,4067.086414293184
93,high_ballistic,1,0,30000.0,-35000.0,0.0,3060.9956702355357,-139.14990406157455,1396.1886601274298,38489.979096194,-35385.94624233141,4486.319275062897,2829.9930320646936,-128.64874744380975,1480.7247583542958,HIT,0.008536348282943588,180.78540489237875,541621.4357807983,-58257.81587151812,112702.05617885
94,quasi_ballistic,1,2,30000.0,-35000.0,0.0,1477.7537157423167,88.34737240306683,990.1291981283732,34433.261147226876,-34734.95788279077,2980.242594385122,1477.7537157423167,88.34737240306683,996.6991981283747,HIT,0.00654019865246177,230.92306486499706,367588.9636932017,13125.160997780928,34356.709441040104
95,supersonic_cruise,4,4,25000.0,85000.0,0.0,1121.433133336458,-5.304840516242661,120.0,28364.299400009404,84984.08547845145,259.7611575195571,1121.433133336458,-5.304840516242735,64.09553699217709,HIT,0.0034238047463622154,235.53075043525968,289131.98736213194,83750.54693208127,1920.337818065214
96,high_ballistic,2,2,10000.0,5000.0,0.0,2990.8680172678905,122.3477856975504,1543.6356447542155,19063.38144574016,5370.756798500115,4540.379503425821,3021.1271485800494,123.58559950003169,1498.7448344752704,HIT,0.012766977021308624,171.59345711720343,528405.6511324297,26206.478616502183,117800.45557122404
97,quasi_ballistic,9,0,85000.0,-85000.0,0.0,1548.0862117431855,46.21989541597795,827.9678382693234,89644.2586352292,-84861.340313752,2493.7585148079725,1548.0862117431855,46.21989541597795,834.5378382693249,HIT,0.05026284403151267,213.84343591080537,415015.3428941547,-73355.70327264268,18990.60864958814
98,supersonic_cruise,9,0,85000.0,-85000.0,0.0,940.4851400654126,15.039118131582661,120.0,87821.45542019629,-84954.88264560496,259.7611575195571,940.4851400654126,15.039118131582555,64.09553699217709,HIT,0.016823783798476117,249.3994041373321,319556.43295036675,-81249.25290523045,2291.043016169598
99,high_ballistic,9,1,85000.0,-85000.0,0.0,3065.1253772956015,237.98512662514045,1450.5423146504488,94644.65084010968,-84251.16164303094,4104.771036324741,3214.88361337003,249.61278565642496,1353.5420121082436,HIT,0.021778750878509303,153.3572849908285,578025.8212508716,-46720.06226053812,96730.81308816146
100,quasi_ballistic,2,2,10000.0,5000.0,0.0,1390.6251398953893,67.71497650957227,934.142525649529,14171.875419686148,5203.144929528735,2812.2825769485894,1390.6251398953893,67.71497650957227,940.7125256495306,HIT,0.03686565752156183,236.65663160756864,329977.1269804741,70104.90431560192,35246.305333140044
101,supersonic_cruise,7,2,90000.0,20000.0,0.0,962.051201577568,23.27509135237596,120.0,92886.15360473312,20069.82527405722,259.7611575195571,962.051201577568,23.27509135237596,64.09553699217709,HIT,0.002720448445251324,252.16107507286463,332591.86518405355,25869.072060858343,1593.5480473711173
102,high_ballistic,1,2,30000.0,-35000.0,0.0,3178.630739248789,103.51648458146934,1438.6995506435155,38877.65012572584,-34710.88710588112,4591.975027607494,2959.2167085752985,96.37096470628616,1515.9433425358277,HIT,0.01342789558981429,171.3435089735002,537042.5738228715,-18487.46026427077,120785.78359334453
103,quasi_ballistic,8,4,70000.0,60000.0,0.0,1647.8255989740228,-4.938969318359967,1064.5170446653558,74943.47679692204,59985.183092045045,3203.4061339960704,1647.8255989740228,-4.938969318359967,1071.0870446653573,HIT,0.04715697056861214,223.1644256580146,432918.64468816656,18565.657852048767,31492.33574190746
104,supersonic_cruise,9,0,85000.0,-85000.0,0.0,920.5089122514258,92.49707840421182,120.0,87761.52673675417,-84722.50876478764,259.7611575195571,920.5089122514258,92.49707840421182,64.09553699217709,HIT,0.02395149087554738,233.55684123009937,299991.1528235709,-63396.674522914254,4374.5004490591655
105,high_ballistic,7,2,90000.0,20000.0,0.0,2924.5409425223747,-76.71886068458593,1400.3948786619176,99156.29241081944,19759.804928137746,3981.4592261771354,3052.0974702731814,-80.06502395405393,1312.438075392375,HIT,0.005712310647953814,150.7712093440841,550168.4259365059,7928.499623070051,90814.8256157289
106,quasi_ballistic,6,2,65000.0,-15000.0,0.0,1585.1496617279583,42.4632205761436,922.5390330951825,69755.44898518415,-14872.610338271588,2777.4720992855496,1585.1496617279583,42.4632205761436,929.109033095184,HIT,0.06849705845546974,223.16231766764935,411228.4848160463,-64563.66392667486,31430.451764448888
107,supersonic_cruise,3,2,45000.0,45000.0,0.0,1136.5186712522764,-93.83160450510955,120.0,48409.55601375681,44718.50518648469,259.7611575195571,1136.5186712522764,-93.83160450510955,64.09553699217709,HIT,0.0008323280707081094,249.7202745709532,328811.7546641128,21568.34595893704,1611.0233196185102
108,high_ballistic,7,2,90000.0,20000.0,0.0,2779.8541904532926,-121.05101114513847,1507.0489271433116,98198.58625092631,19642.985895071906,4554.743799123915,2732.8620836421646,-119.00470164269663,1503.5329330413015,HIT,0.0011199271742050097,160.669869906177,529088.5953695292,879.5301640862964,119679.32870089423
109,quasi_ballistic,0,0,15000.0,-75000.0,0.0,1527.2555241539358,150.3656366651197,821.8601268078244,19581.766572461856,-74548.90309000475,2475.4353804234756,1527.2555241539358,150.3656366651197,828.4301268078259,HIT,0.035707957942431756,227.51090600293048,363071.0190292647,-57771.53815179359,40441.17992473241
110,supersonic_cruise,6,1,65000.0,-15000.0,0.0,922.8476158414354,-72.32756636956016,120.0,67768.54284752402,-15216.982699108703,259.7611575195571,922.8476158414354,-72.32756636956016,64.09553699217709,HIT,0.008351853916490385,260.18890266089767,305114.708251556,-33818.830126227185,1612.7861504465125
111,high_ballistic,6,2,65000.0,-15000.0,0.0,3272.292973980051,209.51822484834543,1329.945300772835,73226.48161633525,-14473.275211386172,4717.032110478659,2742.1605387785316,175.57492953794514,1557.6290368262166,HIT,0.0022051241331660504,169.52931722430299,529876.603754691,14765.09761928425,128082.41117766578
112,quasi_ballistic,4,2,25000.0,85000.0,0.0,1712.2431814029746,-334.54347705873505,1048.0413845621324,30136.729544208865,83996.36956882372,3153.9791536863995,1712.2431814029749,-334.54347705873505,1054.611384562134,HIT,0.007122777871513298,207.58273263787257,366976.5043363649,-24962.704839971302,34611.915386210145
113,supersonic_cruise,5,1,80000.0,-65000.0,0.0,1062.9467094927863,155.29879153228717,120.0,83188.84012847848,-64534.10362540322,259.7611575195571,1062.9467094927863,155.29879153228717,64.09553699217709,HIT,0.0059744327775888674,252.9331821940194,348854.49344133394,-25719.78246412552,4211.168928744497
114,high_ballistic,5,1,80000.0,-65000.0,0.0,3078.434633281134,235.1673208492609,1403.3739262098356,89328.2510694387,-64287.39763109057,4124.0269104212075,3109.417023146366,237.53412296983998,1359.9606368070658,HIT,0.01032554282080883,162.36312765259976,584854.6724418941,-26433.218204760633,96281.25860847445
115,quasi_ballistic,5,1,80000.0,-65000.0,0.0,1469.7001341481593,144.27959695043063,909.5007506606773,84409.10040244489,-64567.16120914891,2738.3572519820336,1469.7001341481593,144.27959695043063,916.0707506606789,HIT,0.04610080654207406,217.09023799770912,397034.4485485302,-41636.131907746094,23716.514271021264
116,supersonic_cruise,2,2,10000.0,5000.0,0.0,963.3870347803926,-54.140085538658916,120.0,12890.161104341169,4837.579743384031,259.7611575195571,963.3870347803926,-54.140085538658916,64.09553699217709,HIT,0.012969836192992272,275.0438842610224,274973.7115444159,-9890.899433696906,3110.916806996168
117,high_ballistic,8,4,70000.0,60000.0,0.0,3053.162233483593,12.421521090823779,1340.5500397511216,77901.37837271584,60032.14606057503,4617.858139650241,2633.7927909053974,10.715353525044453,1524.5710465500772,HIT,0.01406581370886758,180.19567010394445,544598.0556369738,61930.86108949086,120756.57496914099
118,quasi_ballistic,5,1,80000.0,-65000.0,0.0,1606.5913717182514,199.8149264483911,881.4933448387454,84819.77411515516,-64400.55522065464,2654.335034516238,1606.5913717182514,199.8149264483911,888.063344838747,HIT,0.0019165860941441216,203.26650664731434,400055.98663994076,-6650.017770605457,21665.54292767406
119,supersonic_cruise,2,2,10000.0,5000.0,0.0,1096.0167531099826,-36.50993003826698,120.0,13288.050259329939,4890.470209885207,259.7611575195571,1096.0167531099826,-36.50993003826698,64.09553699217709,HIT,0.006896849240340559,239.98599071159458,273028.6660761563,-3761.8717345868863,3197.192453037507
120,high_ballistic,8,2,70000.0,60000.0,0.0,2633.0265488659766,-326.4162594712464,1608.4081479727242,79138.44164007984,58867.107534925744,4126.679052544719,3046.1472133599113,-377.6308216914657,1360.8446841815696,HIT,0.05949998335218617,165.24871710108656,573371.9142467692,-2403.0001483185724,95799.63329947228
121,quasi_ballistic,9,1,85000.0,-85000.0,0.0,1352.5333584480395,240.5586268203386,917.5570405261216,89057.60007534438,-84278.32411953917,2762.526121578367,1352.5333584480395,240.5586268203386,924.1270405261231,HIT,0.0016307317187018067,227.02194833508003,372992.3614534094,13783.07154537414,21955.3202014845
122,supersonic_cruise,1,1,30000.0,-35000.0,0.0,1182.2471777271185,73.72976914480907,120.0,33546.74153318134,-34778.81069256546,259.7611575195571,1182.2471777271185,73.72976914480907,64.09553699217709,HIT,0.01062055664131136,242.7391081649741,316977.6251258394,-17102.901581452526,3395.4352879156304
123,high_ballistic,6,3,65000.0,-15000.0,0.0,3032.9502904584406,335.4482329180365,1437.928696213952,74602.82761215148,-13937.914820547267,4043.244454112081,3200.9425373839363,354.0283931509199,1333.0331513706903,HIT,0.04643890026117757,162.04149503909323,583685.5090081957,42367.28570027917,91982.82341334963
124,quasi_ballistic,3,2,45000.0,45000.0,0.0,1685.8254229163815,-158.11330070838318,918.2535749616223,50057.47626874916,44525.660097874934,2764.6157248848695,1685.8254229163815,-158.11330070838318,924.8235749616239,HIT,0.035693557338187215,222.67415816433157,420548.6580312094,30272.206186404295,36986.04025523357
125,supersonic_cruise,3,3,45000.0,45000.0,0.0,1010.7789943164676,-30.78056511783423,120.0,48032.33698294949,44907.65830464632,259.7611575195571,1010.7789943164676,-30.780565117834154,64.09553699217709,MISS,28.681629725587097,244.50144339785396,292136.92222356645,37474.107388612654,1696.862073058549
126,high_ballistic,1,1,30000.0,-35000.0,0.0,3233.1085295066287,72.39187604898721,1471.166069409117,39252.823952848186,-34792.82189923877,4582.3297199441395,3084.274650949424,69.05936692036623,1512.7282399813762,HIT,0.02374623246591193,175.3848992349477,570935.1969071766,-22888.03127224956,119594.15770094782
127,quasi_ballistic,1,1,30000.0,-35000.0,0.0,1408.961452944911,-20.213891346611515,953.1898501545268,34226.884358834795,-35060.64167403994,2869.4245504635824,1408.961452944911,-20.213891346611515,959.7598501545283,HIT,0.08266420708858256,224.20159755178472,344903.59334610053,-23293.39187240183,41558.82317966822
128,supersonic_cruise,2,2,10000.0,5000.0,0.0,1014.6504997606098,90.81868573067634,120.0,13043.95149928183,5272.456057192048,259.7611575195571,1014.6504997606098,90.81868573067634,64.09553699217709,HIT,0.011120094905699297,273.19063025888687,287193.00897087436,29810.814014087366,4182.2920784193975
129,high_ballistic,7,1,90000.0,20000.0,0.0,2981.4638189305447,-264.7239278075319,1358.7822226463027,98131.1920779309,19278.03212269093,4439.876526264567,2710.397359310276,-240.65595910305208,1465.2438420881851,MISS,71.38891704399643,174.82267166436657,563838.9074312722,-22072.11747144167,111391.52774452764
130,quasi_ballistic,4,4,25000.0,85000.0,0.0,1472.6777456289879,-1.292497924891144,893.1044940567436,29418.033236886913,84996.12250622537,2689.1684821702333,1472.6777456289879,-1.292497924891144,899.6744940567452,HIT,0.03695488640485304,238.20915698716257,373276.88730769075,104601.23299907151,30014.77423703493
131,supersonic_cruise,5,0,80000.0,-65000.0,0.0,1130.890108747666,30.157355951372466,120.0,83392.6703262431,-64909.527932145866,259.7611575195571,1130.890108747666,30.157355951372466,64.09553699217709,HIT,0.0008371684372604135,243.37025736238022,355225.0168452732,-57660.59652172201,2431.086294216647
132,high_ballistic,5,2,80000.0,-65000.0,0.0,2621.100496790177,308.96613143298686,1589.0884382180714,88443.58759263996,-64004.699515677494,4395.489698216211,2814.529197546645,331.7668281075405,1450.4482327387336,HIT,0.001253473444598038,158.67350462835165,526591.2116005467,-12357.394823044511,111322.90527233412
133,quasi_ballistic,0,0,15000.0,-75000.0,0.0,1408.0778723073317,138.03165052493614,862.8177279730022,19224.233616921993,-74585.9050484252,2598.308183919009,1408.0778723073317,138.03165052493614,869.3877279730037,HIT,0.03771239639857531,223.1112621221696,322972.3873131302,-12304.614824979146,32524.189361763158
134,supersonic_cruise,8,2,70000.0,60000.0,0.0,910.2584522346689,-151.5480380815242,120.0,72730.77535670367,59545.355885755416,259.7611575195571,910.2584522346689,-151.5480380815242,64.09553699217709,HIT,0.037185266977661495,239.40586367260238,287921.2096518898,23718.511087621828,2690.751279466862
135,high_ballistic,6,3,65000.0,-15000.0,0.0,3230.789078701791,344.8379542437209,1369.4793932820617,73732.94159054465,-14067.890339092191,4515.657810203235,2910.980530181496,310.7032203025915,1490.5042700677416,HIT,0.012881485572405574,165.4993657464522,546765.4304774278,36421.1845534401,117200.02934399556
136,quasi_ballistic,8,4,70000.0,60000.0,0.0,1606.0127789510016,12.076554308070525,1067.551332087059,74818.03833685291,60036.229662924015,3212.5089962611796,1606.0127789510016,12.076554308070525,1074.1213320870606,HIT,0.04013115814080948,204.05503041469953,392406.79669637536,35536.83302236837,31313.01780304734
137,supersonic_cruise,9,0,85000.0,-85000.0,0.0,947.5563796395626,2.564325272789001,120.0,87842.66913891828,-84992.30702418194,259.7611575195571,947.5563796395626,2.5643252727891137,64.09553699217709,HIT,0.003366867444026065,235.06750494251762,307739.7140742552,-84397.21045438733,2815.8233286172685
138,high_ballistic,2,2,10000.0,5000.0,0.0,3489.9507776256905,-121.41758649361344,1388.0172577318888,19785.12626864991,4659.5692917242195,4411.291340304751,3261.7087562166375,-113.47690275859398,1455.7154467682471,HIT,0.0073190785870908505,160.72126662560453,534225.9619869185,-13238.150876928139,111991.81127849704
139,quasi_ballistic,1,1,30000.0,-35000.0,0.0,1588.023853956152,8.177817080001258,971.3618387213484,34764.071561868455,-34975.466548760014,2923.940516164047,1588.023853956152,8.177817080001258,977.9318387213499,HIT,0.007549032071744071,226.9244059702627,385095.13240519713,-78473.08979907435,30978.316051443922
140,supersonic_cruise,0,0,15000.0,-75000.0,0.0,1107.5377806731526,132.07391787484545,120.0,18322.613342019467,-74603.77824637515,259.7611575195571,1107.5377806731526,132.07391787484545,64.09553699217709,HIT,0.00015893511400503704,233.3250973758401,273416.36052818655,-44183.84025134246,2776.480082639061
141,high_ballistic,8,3,70000.0,60000.0,0.0,2892.7899169927546,-64.39834726748155,1481.7152251306154,78793.9721811784,59804.23145453562,4342.5663715207065,2931.324060392825,-65.25618182150696,1432.8071238402322,HIT,0.020084131663489643,165.59783293363301,555420.9099080528,49193.71796572617,107635.2596323562
142,quasi_ballistic,2,2,10000.0,5000.0,0.0,1537.5714843766532,-50.81703128738097,933.9234715713667,14612.71445312992,4847.548906137836,2811.6254147141026,1537.5714843766532,-50.81703128738097,940.4934715713682,HIT,0.04372407131612904,229.60630663581452,362222.0625456933,11560.20652370128,40031.95566634681
143,supersonic_cruise,1,2,30000.0,-35000.0,0.0,1036.3684512453194,115.28250979992134,120.0,33109.10535373589,-34654.152470600384,259.7611575195571,1036.3684512453194,115.28250979992134,64.09553699217709,HIT,0.0044930571714659065,247.48246370068412,286483.01747059426,-6469.600455528836,2241.6909813840502
144,high_ballistic,5,1,80000.0,-65000.0,0.0,2983.3995670429617,105.10725634911495,1455.375438106764,88616.58555375936,-64696.43165580026,4491.027061321124,2872.1951845865547,101.18944806654028,1482.2940204403715,HIT,0.0031569984321078827,159.58867203616524,538369.81517724,-48851.31036390247,116330.82830487541
145,quasi_ballistic,3,2,45000.0,45000.0,0.0,1528.3465865858627,-85.59846179340686,831.6258448054467,49585.03975975749,44743.20461461975,2504.732534416343,1528.3465865858627,-85.59846179340686,838.1958448054482,HIT,0.002319864544918554,210.31293292252502,364575.05670847744,29396.153518523013,32037.093695573363
146,supersonic_cruise,0,0,15000.0,-75000.0,0.0,1008.5139323892791,55.02645135767436,120.0,18025.541797167803,-74834.9206459269,259.7611575195571,1008.5139323892791,55.02645135767436,64.09553699217709,HIT,0.001118341616853217,246.22801535994338,263324.383992609,-61450.9460889685,3316.6139153793483
147,high_ballistic,5,0,80000.0,-65000.0,0.0,2912.5638833085386,-16.82038632060817,1415.6136238424488,87681.79780216364,-65044.36325239396,4786.44114368328,2560.5992673878036,-14.787750798036837,1580.7653812277565,MISS,26.18572520676509,181.63568471161165,545096.20098556,-67685.98332423792,130645.5337857019
148,quasi_ballistic,5,0,80000.0,-65000.0,0.0,1431.9129560404258,-15.481035602033447,898.0353977029416,84295.7388681214,-65046.443106805964,2703.9611931088275,1431.9129560404258,-15.481035602033447,904.6053977029432,HIT,0.015046163737840085,210.08622405317132,378292.81534608547,-87025.78441284163,23555.546331554244
149,supersonic_cruise,8,3,70000.0,60000.0,0.0,1044.1325973494033,-122.56594964321246,120.0,73132.39779204858,59632.30215107047,259.7611575195571,1044.1325973494033,-122.56594964321246,64.09553699217709,HIT,0.01907968677310717,259.04961338486135,340482.1449628755,28249.3381112547,2527.950950479658
150,high_ballistic,6,1,65000.0,-15000.0,0.0,2688.976840583489,-129.82185956519228,1552.755403585348,72743.9825381845,-15373.873883320339,4808.385295451445,2581.3275127281313,-124.62462777345507,1588.0800984838115,HIT,0.001573135924259124,184.2262809453405,540548.3675179182,-37959.13154167197,131515.4966851828
151,quasi_ballistic,0,1,15000.0,-75000.0,0.0,1613.8696046400355,258.25364407391226,1000.7870331382836,19841.608813920142,-74225.23906777846,3012.216099414853,1613.8696046400355,258.25364407391226,1007.3570331382851,HIT,0.04328916092700991,244.96194017366463,398558.6895455348,29660.232709085612,37414.16018937112
152,supersonic_cruise,0,1,15000.0,-75000.0,0.0,1124.8778736774736,183.72720590677815,120.0,18374.633621032408,-74448.81838227971,259.7611575195571,1124.8778736774736,183.72720590677815,64.09553699217709,HIT,0.0004156369832877637,263.81320792842837,311757.6403642583,-26530.33642629061,3500.9143439662366
153,high_ballistic,0,2,15000.0,-75000.0,0.0,2896.946998038528,443.56126655803627,1567.3442965331676,23544.490335401515,-73691.72444030555,4738.424654658104,2848.163445133858,436.09185323143856,1564.7598848860316,HIT,0.01234907790033427,175.94302419553097,516114.48916076554,1727.317437315287,128647.68056335438
154,quasi_ballistic,3,3,45000.0,45000.0,0.0,1622.1245021912841,18.323652230090524,1077.1812153664846,49866.37350657387,45054.970956690086,3241.3986460994556,1622.1245021912841,18.323652230090524,1083.7512153664861,HIT,0.023751326206419957,223.09348208697594,396864.2478421532,-15414.64493389941,35226.99145224744
155,supersonic_cruise,9,0,85000.0,-85000.0,0.0,1002.8142901859596,141.0249177948109,120.0,88008.44287055777,-84576.92524661543,259.7611575195571,1002.8142901859596,141.0249177948109,64.09553699217709,HIT,0.004034526683407414,245.5315763427265,331222.5732934482,-50373.92962351642,2846.078856572505
156,high_ballistic,9,1,85000.0,-85000.0,0.0,2916.8235693527718,278.5432845910871,1498.2165663917253,93173.11959800048,-84219.50453153811,4768.007821700687,2724.3731993335086,260.1651561539837,1574.6209405668922,HIT,0.005710238801550304,165.14266750090044,534910.2569390957,-42035.632694162465,131127.60923334488
157,quasi_ballistic,8,2,70000.0,60000.0,0.0,1589.3041787053328,-143.202416237214,986.9062728472384,74767.91253611562,59570.392751288455,2970.5738185417176,1589.3041787053328,-143.202416237214,993.4762728472399,MISS,31.142411708976546,206.44058448518194,390459.41757183836,-8763.319555113696,29831.31701092104
158,supersonic_cruise,6,1,65000.0,-15000.0,0.0,1174.200450593705,-78.94643758555176,120.0,68522.60135178127,-15236.839312756638,259.7611575195571,1174.200450593705,-78.94643758555176,64.09553699217709,HIT,0.005227372095775774,235.3105804515753,341301.78938261885,-33576.93205167091,3464.0766393093604
159,high_ballistic,3,2,45000.0,45000.0,0.0,3026.5589889580215,-287.7241473938117,1427.2723321193537,54071.78195664179,44137.57810822761,4241.398385413738,3023.92731888061,-287.4739639240668,1399.0844618045758,HIT,0.007845959260129065,160.33057775749782,529828.0134989112,-1090.8657244527917,102947.14644712515
160,quasi_ballistic,1,2,30000.0,-35000.0,0.0,1663.1583195926619,220.80126666261347,1034.4764251253846,34989.47495877799,-34337.596200012194,3113.284275376156,1663.1583195926619,220.80126666261347,1041.0464251253861,HIT,0.01593413795507718,224.2786338389281,397414.99932730634,37894.584787399304,31478.668512160846
161,supersonic_cruise,9,0,85000.0,-85000.0,0.0,922.3850953660871,72.64432187069637,120.0,87767.15528609813,-84782.06703438773,259.7611575195571,922.3850953660871,72.64432187069637,64.09553699217709,HIT,0.0022666948856973315,255.61456258861148,320775.06279653526,-66431.0534420847,3947.2470588640213
162,high_ballistic,4,2,25000.0,85000.0,0.0,3381.4443101092847,-470.12665496927076,1397.5029120381014,33953.06818874796,83755.24314071838,4706.204660678586,2984.356062916011,-414.91895309392885,1554.0198868928585,HIT,0.0037362440505403203,167.72622199622745,525554.7673419891,15407.212135044445,127598.19279164396
163,quasi_ballistic,0,1,15000.0,-75000.0,0.0,1447.1599116982793,199.86060390670173,976.4454100747494,19341.4797350948,-74400.41818828031,2939.1912302242504,1447.1599116982793,199.86060390670173,983.0154100747509,HIT,0.033866555002008726,232.99866603635945,350208.3756629148,-86574.33308750551,35084.84818668998
164,supersonic_cruise,0,0,15000.0,-75000.0,0.0,952.7059747789748,139.42809875045728,120.0,17858.117924336893,-74581.71570374892,259.7611575195571,952.7059747789748,139.42809875045728,64.09553699217709,HIT,0.0005145112509542704,256.17538102113514,259059.81610474936,-39281.95367850801,1787.1439233990445
165,high_ballistic,8,4,70000.0,60000.0,0.0,3141.6732207585437,99.28976781559756,1373.4127775480829,78840.6744238484,60279.40159564561,4348.430208253166,2946.8914746160876,93.13386521522094,1434.7617360843851,HIT,0.004053352177755309,161.72658452034347,546590.692844159,75062.22188772702,108506.06470102424
166,quasi_ballistic,0,0,15000.0,-75000.0,0.0,1663.7151678097036,87.06477177809181,1050.0463446198114,19991.145503429143,-74738.80568466615,3159.9940338594365,1663.7151678097036,87.06477177809181,1056.616344619813,HIT,0.009338111715135097,228.37660848060705,389587.8364343545,-20926.350232959394,34046.723200493216
167,supersonic_cruise,8,3,70000.0,60000.0,0.0,995.00255060163,-126.00189625239918,120.0,72985.00765180448,59621.99431124274,259.7611575195571,995.00255060163,-126.00189625239918,64.09553699217709,HIT,0.0014496726627180676,239.4233501668492,308226.8441277853,29832.203873079834,1708.2722520654627
168,high_ballistic,5,2,80000.0,-65000.0,0.0,3073.1084110753573,340.4982825380608,1403.424059614227,89611.86714404845,-63935.01178066581,3994.182616834362,3203.955714682839,354.9960731114475,1316.6792056114505,HIT,0.009366545804782158,152.16342156390053,567524.8634747127,-10982.583670053038,91259.65582427618
169,quasi_ballistic,5,1,80000.0,-65000.0,0.0,1598.9128548123615,194.46878198347733,871.6628430553891,84796.73856443667,-64416.59365404965,2624.8435291661694,1598.9128548123615,194.46878198347733,878.2328430553906,HIT,0.06469923670308715,206.54126324245743,404388.58469166927,-12662.525437734977,21699.200067489473
170,supersonic_cruise,8,2,70000.0,60000.0,0.0,974.2021668773776,-159.96115049220603,120.0,72922.60650063254,59520.11654852351,259.7611575195571,974.2021668773776,-159.96115049220603,64.09553699217709,MISS,67.4042132986967,255.09398099004457,318513.10837842163,19194.873334467055,4443.702587126336
171,high_ballistic,7,3,90000.0,20000.0,0.0,2840.6127873542123,136.6591169605267,1491.8960413291156,98151.43332783045,20392.157525130897,4634.9205357998135,2717.1444426102935,130.71917504362864,1530.2585119332678,HIT,0.0015288615313049014,169.02962450775854,549277.9048017995,42095.412962710834,123492.74509942459
172,quasi_ballistic,5,0,80000.0,-65000.0,0.0,1474.4897243800683,-24.060126677476738,837.4489378162896,84423.46917313989,-65072.180380032514,2522.201813448871,1474.4897243800683,-24.060126677476738,844.0189378162911,HIT,0.02000830811538466,220.52577754797005,402816.30765230116,-79301.86376869446,22591.53776661141
173,supersonic_cruise,6,2,65000.0,-15000.0,0.0,943.2283381657421,83.43812449443209,120.0,67829.68501449737,-14749.68562651673,259.7611575195571,943.2283381657421,83.43812449443209,64.09553699217709,HIT,0.0022250405230133216,248.47116023808613,299365.03965168865,5731.967601006829,3858.828978447694
174,high_ballistic,5,1,80000.0,-65000.0,0.0,2774.747858812592,133.89080924055133,1594.0400018572157,88454.41897659533,-64592.046176433505,4664.343170308963,2818.139658865079,135.98460785543443,1540.066056769651,HIT,0.003112348081903655,164.12799539559072,542535.6126827761,-42681.11902764614,125467.36248077109
175,quasi_ballistic,8,2,70000.0,60000.0,0.0,1466.489244091925,-248.10606414775808,843.7294079165392,74399.46773227537,59255.68180755683,2541.04322374962,1466.489244091925,-248.10606414775808,850.2994079165409,HIT,0.026864857828227975,214.61012675032072,378290.1691178428,-17698.308649360624,28314.11283612223
176,supersonic_cruise,0,0,15000.0,-75000.0,0.0,942.8039778397566,122.29978529392098,120.0,17828.41193351922,-74633.10064411839,259.7611575195571,942.8039778397566,122.29978529392098,64.09553699217709,MISS,27.06798594231919,265.3937197842989,265214.25424963224,-42542.405027459754,3007.692324790456
177,high_ballistic,3,3,45000.0,45000.0,0.0,3092.5450215405945,17.23752620933269,1368.7749075434676,52969.13491135507,45044.419134060445,4736.421856650288,2656.3783037850435,14.80637802019347,1564.0922855500926,HIT,0.0061984779249847485,184.0844367863526,533997.9033945813,47725.623678635515,127126.5345605385
178,quasi_ballistic,5,0,80000.0,-65000.0,0.0,1622.6976422867597,-43.170306787620774,958.2262797195756,84868.09292685997,-65129.510920362954,2884.5338391587293,1622.6976422867597,-43.170306787620774,964.7962797195771,HIT,0.0032940076514005718,213.21744709457502,423225.53438359266,-66245.7391833784,23178.774957623682
179,supersonic_cruise,7,2,90000.0,20000.0,0.0,948.780739760333,-36.76475340640386,120.0,92846.34221928078,19889.70573978084,259.7611575195571,948.780739760333,-36.76475340640386,64.09553699217709,HIT,0.03471259615754957,248.5034022616121,325775.24079776095,10863.833704412265,1723.8721174807447
180,high_ballistic,3,3,45000.0,45000.0,0.0,3081.6429449498796,37.16891390914614,1519.5319154312488,54404.84096888598,45113.435505198286,4436.940156118803,3134.946989628728,37.81183506616215,1464.265052039598,HIT,0.01302806890597247,170.77675309854197,580376.0669777195,51457.38199394049,112035.55048090393
181,quasi_ballistic,4,4,25000.0,85000.0,0.0,1478.9256570477423,-144.32090035569988,877.8899608221336,29436.77697114319,84567.03729893256,2643.524882466403,1478.9256570477423,-144.32090035569988,884.4599608221351,HIT,0.020002109717215055,221.53135546713816,351733.89633047685,94266.03439647357,34969.55350337771
182,supersonic_cruise,4,4,25000.0,85000.0,0.0,1108.6927260692923,-162.12631669266034,120.0,28326.078178207827,84513.62104992179,259.7611575195571,1108.6927260692923,-162.12631669266034,64.09553699217709,HIT,0.0014291717477946965,266.46776615764645,320430.87411764974,41798.56255914169,1911.3298302325784
183,high_ballistic,1,0,30000.0,-35000.0,0.0,2971.070710577376,-160.42796156870338,1446.9680799445125,38682.11033626874,-35468.805154452566,4412.306120131748,2894.0367787562004,-156.2683848175691,1456.0537067105793,HIT,0.005578688777655976,176.46817421336434,540705.3860214488,-62576.39640703423,109393.91593616693
184,quasi_ballistic,4,3,25000.0,85000.0,0.0,1468.5449269792114,-235.25234082694817,971.8145864683308,29405.63478093769,84294.24297751946,2925.2987594049946,1468.5449269792114,-235.25234082694817,978.3845864683324,HIT,0.0391471388367629,237.71434715167726,373280.6991192177,36067.64293966901,35712.21191681783
185,supersonic_cruise,8,3,70000.0,60000.0,0.0,1172.6006307740413,-43.871137716389406,120.0,73517.80189232231,59868.386586850975,259.7611575195571,1172.6006307740413,-43.871137716389406,64.09553699217709,HIT,0.017453783578977897,224.6985588233095,333481.67111469805,50142.218587335774,3926.641685780613
186,high_ballistic,6,2,65000.0,-15000.0,0.0,2896.3366417543884,276.8633245168872,1525.750852002196,73890.68266014717,-14150.131955302604,4429.2789664018765,2963.5608867158276,283.2893482324481,1461.7113221339555,HIT,0.002522533839110133,159.62453719662852,538057.034879436,30219.930501183786,113043.38244206227
187,quasi_ballistic,0,0,15000.0,-75000.0,0.0,1392.6629400564163,-9.576546438633311,912.168969469375,19177.98882016923,-75028.72963931586,2746.361908408128,1392.6629400564163,-9.576546438633311,918.7389694693766,HIT,0.03303836231131214,251.48936038713435,358501.26941173174,-106942.29498146524,37908.419309548
188,supersonic_cruise,3,3,45000.0,45000.0,0.0,1091.7839048239025,5.443933367497581,120.0,48275.35171447191,45016.33180010249,259.7611575195571,1091.7839048239025,5.443933367497581,64.09553699217709,HIT,0.0015813698800630205,244.67126632759408,312128.1505972749,46331.974070718075,2055.5874928341873
189,high_ballistic,5,1,80000.0,-65000.0,0.0,2539.4179708942447,207.3765662777644,1599.8248458862945,87518.93493145675,-64385.98099012321,4818.726671142153,2506.3116438188267,204.67300329220706,1591.5272237140473,HIT,0.0016015496711799181,173.25866607208548,514240.21210265416,-29538.628758750012,133603.82431704423
190,quasi_ballistic,2,2,10000.0,5000.0,0.0,1646.0069823588765,28.64986667444136,1049.0770323001045,14938.020947076657,5085.949600023323,3157.0860969003156,1646.0069823588765,28.64986667444136,1055.647032300106,HIT,0.03808086809180309,213.38866656704204,359449.3004154154,34332.39210321964,36363.61744700711
191,supersonic_cruise,5,1,80000.0,-65000.0,0.0,1037.5081984117019,168.00471018954562,120.0,83112.52459523501,-64495.985869431315,259.7611575195571,1037.5081984117019,168.00471018954562,64.09553699217709,HIT,0.015869026536006046,253.2961379342609,342796.8190451008,-22445.05574163433,3349.491276041036
192,high_ballistic,7,2,90000.0,20000.0,0.0,2755.3281523372702,-99.81064284414525,1518.8694339489543,99173.55373750033,19667.69174302208,4061.663335300692,3057.851245833394,-110.76941899261742,1339.1727784335608,HIT,0.009221497373389292,148.3395673683296,543600.3301805996,3568.512786385738,95085.25961618958
193,quasi_ballistic,0,0,15000.0,-75000.0,0.0,1629.9578871990414,62.589195980135386,1101.4568152196396,19889.873661597157,-74812.23241205967,3314.2254456589208,1629.9578871990414,62.589195980135386,1108.026815219641,HIT,0.10820719939588792,216.00785413096307,363861.5327529806,-85077.55247942443,40158.15881054923
194,supersonic_cruise,7,2,90000.0,20000.0,0.0,911.9730786005825,-81.62743028001829,120.0,92735.91923580214,19755.11770916004,259.7611575195571,911.9730786005825,-81.62743028001829,64.09553699217709,HIT,0.02300350653096346,238.4569738130276,307466.33974431903,535.3699871124891,2460.168022137048
195,high_ballistic,4,4,25000.0,85000.0,0.0,3324.807506582051,-97.53622306425237,1397.9660887574105,33976.86289275593,84736.65564102819,4615.8028918617765,2992.287630918629,-87.7814529905568,1523.885963953922,HIT,0.013294915890616996,173.53462753000147,544265.5183074139,69766.87921244721,121843.6401927757
196,quasi_ballistic,0,0,15000.0,-75000.0,0.0,1570.4358640281566,64.70577661405795,1013.7975965688065,19711.307592084526,-74805.88267015759,3051.247789706422,1570.4358640281566,64.70577661405795,1020.367596568808,MISS,34.53461925978234,236.3725029667811,380702.53610449296,-20934.299464455515,40479.8738344109
197,supersonic_cruise,4,4,25000.0,85000.0,0.0,948.2964129179946,-123.05086099523203,120.0,27844.889238753967,84630.8474170146,259.7611575195571,948.2964129179946,-123.05086099523203,64.09553699217709,HIT,0.006322019975276401,251.93693846348933,263910.8947555277,53998.9427920371,4139.446308480375
198,high_ballistic,1,2,30000.0,-35000.0,0.0,2957.743085799821,281.1697062428267,1501.7078908120438,39940.21960412196,-34055.060380498035,3977.3954458354697,3313.4065347073197,314.9798731673112,1311.0834819451534,HIT,0.06424907801878817,166.33095692697293,581122.0730717159,17390.895793425065,87267.25799056787
199,quasi_ballistic,8,2,70000.0,60000.0,0.0,1547.681291017775,-140.0402479763075,862.8959612046572,74643.0438730534,59579.879256071144,2598.5428836139736,1547.681291017775,-140.0402479763075,869.4659612046587,HIT,0.05401168707985949,215.1879033279114,397334.03909716476,-444.4312260479222,27861.139382326448
200,supersonic_cruise,7,2,90000.0,20000.0,0.0,1086.5969911603768,-111.29843843440388,120.0,93259.79097348143,19666.10468469684,259.7611575195571,1086.5969911603768,-111.29843843440388,64.09553699217709,HIT,0.0030822167921057907,238.72880619637976,349402.0024313362,-6570.143340936698,1505.6381118092886
201,high_ballistic,0,1,15000.0,-75000.0,0.0,3030.954197286551,229.85405990826916,1527.3863973538998,24235.234230164264,-74299.64098965662,4467.374997116834,3078.411410054726,233.4530034477199,1474.4099990389414,HIT,0.01289344220464719,178.87364533348912,565646.6698837127,-33241.41146373784,112058.0458621433
202,quasi_ballistic,7,2,90000.0,20000.0,0.0,1457.8369095009566,57.968218997233,975.799091823567,94373.51072850317,20173.9046569918,2937.2522754707034,1457.8369095009566,57.968218997233,982.3690918235685,HIT,0.017157710666946983,218.0647594110954,400951.1678296174,75232.68130612603,18361.510514058882
203,supersonic_cruise,3,2,45000.0,45000.0,0.0,940.9833647474194,-57.87097057387463,120.0,47822.950094242115,44826.387088278425,259.7611575195571,940.9833647474194,-57.87097057387463,64.09553699217709,HIT,0.0076290167847273315,261.03751587037004,290631.959731633,29893.50561141819,2484.574456432797
204,high_ballistic,8,3,70000.0,60000.0,0.0,3097.5032972452386,-115.19720640681693,1462.0943561389383,79934.7108466248,59630.52470775161,4058.5993506385153,3311.5702822081817,-123.15843074952947,1338.151450212835,HIT,0.027607621258365713,157.28170507705448,590849.417413508,40629.43333733702,93757.95269016383
205,quasi_ballistic,6,2,65000.0,-15000.0,0.0,1482.2517250506687,51.16763171000502,874.8764622235368,69446.75517515221,-14846.497104869959,2634.4843866706124,1482.2517250506687,51.16763171000502,881.4464622235383,HIT,0.001979156697214569,207.6725779092203,369930.55174731626,-38533.15769385733,31582.508656669823
206,supersonic_cruise,2,2,10000.0,5000.0,0.0,1023.3671950428745,-50.256530949192445,120.0,13070.10158512865,4849.230407152427,259.7611575195571,1023.3671950428745,-50.256530949192445,64.09553699217709,HIT,9.400456433842979e-05,244.3760810746411,260086.4646209411,-7281.494081840478,4118.190704618826
207,high_ballistic,5,0,80000.0,-65000.0,0.0,2705.2643219633096,-49.1001194272541,1601.2073817238306,89762.16039327002,-65177.181666607066,3949.35656584711,3254.0534644234504,-59.06055553562588,1301.7371886157,MISS,33.128121879751234,148.40395207410745,562914.390001737,-73764.81927702019,89524.0799649159
208,quasi_ballistic,8,3,70000.0,60000.0,0.0,1777.1155093843051,-62.33306031446291,964.7935206262896,75331.34652815294,59813.00081905676,2904.235561878871,1777.1155093843051,-62.33306031446291,971.3635206262911,HIT,0.11425682033623998,215.65256280120252,449765.86880824284,21091.939714062115,27765.77598024415
209,supersonic_cruise,5,1,80000.0,-65000.0,0.0,967.3291827259245,142.44117190712862,120.0,82901.98754817742,-64572.676484278636,259.7611575195571,967.3291827259245,142.44117190712862,64.09553699217709,HIT,0.003053278524348863,240.41569358898593,312561.1164848561,-30754.906861535797,1969.1469371399335
210,high_ballistic,1,1,30000.0,-35000.0,0.0,2792.97685786254,23.057830462094838,1600.0821419249992,38288.584728061905,-34931.5723720043,4808.424269336009,2762.8615760206203,22.809209331893065,1588.093089778666,HIT,0.00870464994008931,188.6330471863691,551166.9975274735,-30697.429546232317,130586.51705586395
211,quasi_ballistic,6,2,65000.0,-15000.0,0.0,1647.1650029824198,139.43820973029858,1047.8873468055647,69941.4950089471,-14581.685370809137,3153.517040416696,1647.1650029824198,139.43820973029858,1054.4573468055662,HIT,0.13947323282190782,202.40332605478133,394339.818029051,-34525.002776083995,33514.085538124666
212,supersonic_cruise,2,2,10000.0,5000.0,0.0,1001.2483298125993,14.741739859090856,120.0,13003.744989437764,5044.225219577274,259.7611575195571,1001.2483298125993,14.741739859090856,64.09553699217709,HIT,0.032707359744985336,265.60015016690335,275931.70575152733,8915.408327077339,1842.2710316540063
213,high_ballistic,0,0,15000.0,-75000.0,0.0,3309.743749901178,87.31375335887755,1456.8706418240124,24642.944920522074,-74745.61120797676,4456.224634837029,3214.3149735073794,84.79626400773476,1470.6932116123394,HIT,0.015989817583500675,165.8791738669446,548187.9108268061,-60934.06682788597,113873.71990977682
214,quasi_ballistic,5,0,80000.0,-65000.0,0.0,1433.1890091358628,82.6201970193138,919.8262751414929,84299.56702740747,-64752.13940894217,2769.333825424482,1433.1890091358628,82.6201970193138,926.3962751414945,HIT,0.05827240417222763,216.95030695782745,390554.2894642899,-72139.36572278236,24206.897139848024
215,supersonic_cruise,7,2,90000.0,20000.0,0.0,1181.791318272772,-66.09101898585489,120.0,93545.37395481864,19801.726943042522,259.7611575195571,1181.791318272772,-66.09101898585489,64.09553699217709,HIT,0.005805478799737209,211.9336157119095,340461.30686616164,5993.091380913005,3881.966255676479
216,high_ballistic,3,2,45000.0,45000.0,0.0,2790.799002518562,-301.93557489543883,1594.0000552071624,54492.37978640609,43973.02272741683,4173.638609344933,3164.1265954686396,-342.32575752771976,1376.497869781641,HIT,0.008426467835959243,156.9145734752909,541497.5742673546,-8715.89901886699,99838.76757805166
217,quasi_ballistic,9,0,85000.0,-85000.0,0.0,1627.609109303762,174.51757220336876,894.6781490712502,89882.82732791122,-84476.44728338957,2693.8894472137536,1627.609109303762,174.51757220336876,901.2481490712518,HIT,0.01126334829358357,197.6776407125405,403848.9462883222,-38513.264542976394,18786.26132435497
218,supersonic_cruise,1,1,30000.0,-35000.0,0.0,956.3587950077175,26.529474293282778,120.0,32869.07638502307,-34920.41157711996,259.7611575195571,956.3587950077175,26.529474293282686,64.09553699217709,HIT,0.003624831598827661,250.21022767125996,269290.7517267719,-28362.05419586041,2060.168078095471
219,high_ballistic,8,4,70000.0,60000.0,0.0,2852.208305148848,48.26799160851448,1495.4635357947104,78148.29564893356,60137.89380856091,4667.0686458366345,2716.098549644609,45.964602853683445,1540.9745486122083,HIT,0.012837893641354466,178.90776481087923,555931.1196419495,68223.42477473407,123958.39162251292
220,quasi_ballistic,2,2,10000.0,5000.0,0.0,1458.4796167659906,104.69439715417312,897.7907834257849,14375.438850297942,5314.083191462541,2703.2273502773564,1458.4796167659906,104.69439715417312,904.3607834257864,HIT,0.05463475403807067,227.00297578444298,337561.3236444022,50053.01635640823,37177.33433004176
221,supersonic_cruise,5,1,80000.0,-65000.0,0.0,924.971281487619,130.39265056327918,120.0,82774.91384446301,-64608.8220483101,259.7611575195571,924.971281487619,130.39265056327918,64.09553699217709,HIT,0.0028428431725721166,247.6699877026055,309087.62603145564,-32705.653839247796,3719.1924125893656
222,high_ballistic,1,2,30000.0,-35000.0,0.0,2970.5035381726443,347.60025716599756,1463.9776792919731,38678.22223648094,-33984.498000968306,4465.852188220728,2892.740745493612,338.5006663438281,1473.9023960735724,HIT,0.003261314427472301,174.91485168081343,535983.31835354,24208.793029441164,112885.68339005907
223,quasi_ballistic,8,2,70000.0,60000.0,0.0,1464.9780635993388,-180.24381720632024,1026.4064860561584,74394.9341907978,59459.26854838093,3089.0744581684776,1464.9780635993388,-180.24381720632024,1032.97648605616,HIT,0.056530046938118576,227.65121270004263,398792.8609140986,-4407.006212486873,33216.55344755577
224,supersonic_cruise,1,1,30000.0,-35000.0,0.0,1003.3380006462286,29.154745878623878,120.0,33010.01400193875,-34912.53576236413,259.7611575195571,1003.3380006462286,29.154745878623878,64.09553699217709,HIT,0.0023728998846536346,268.3175757952123,299213.22013315716,-27177.269264137787,2982.638524267283
225,high_ballistic,0,0,15000.0,-75000.0,0.0,3096.6883060207592,35.95805078244934,1439.7907737882942,23742.696942822782,-74898.48176194093,4545.6571552380865,2914.2323142742316,33.83941268638136,1500.5040517460254,HIT,0.005948115552121239,176.37424332870148,528995.5188143775,-69031.59936987159,117256.8459823357
226,quasi_ballistic,5,1,80000.0,-65000.0,0.0,1702.4344363137425,228.78358816954815,982.8753099646801,85107.3033089409,-64313.649235491175,2958.480929894042,1702.4344363137425,228.78358816954815,989.4453099646817,HIT,0.1458584178975042,211.1024068403675,431440.2476408497,7752.129482409238,22894.602474513136
227,supersonic_cruise,5,0,80000.0,-65000.0,0.0,1142.5659943149383,20.051404082883593,120.0,83427.69798294525,-64939.845787751256,259.7611575195571,1142.5659943149383,20.051404082883593,64.09553699217709,HIT,0.03584565412620461,228.25381206487307,340795.04257558304,-60423.190551319,2337.810380302665
228,high_ballistic,2,2,10000.0,5000.0,0.0,3036.7342402319464,-67.5809687132287,1560.8141165492507,19031.744144396067,4799.0031493827155,4678.973630384399,3010.5813814653575,-66.99895020576413,1544.942876794796,MISS,78.22639525710167,164.8832959638138,506394.5807293224,-6047.007472660761,126238.00740065734
229,quasi_ballistic,2,2,10000.0,5000.0,0.0,1637.2409213558174,42.95742282915917,899.531861155297,14911.722764067417,5128.872268487503,2708.450583465893,1637.2409213558174,42.95742282915917,906.1018611552985,HIT,0.017387390981332983,220.48776698090685,368257.13325672806,40305.26293318742,35364.65920204994
230,supersonic_cruise,3,2,45000.0,45000.0,0.0,905.7257157292769,-62.517138132044586,120.0,47717.17714718761,44812.448585603706,259.7611575195571,905.7257157292769,-62.517138132044586,64.09553699217709,HIT,0.0010992112101028506,237.5120002468724,260120.7264644964,30151.42947077549,4398.730779741318
231,high_ballistic,3,2,45000.0,45000.0,0.0,3110.3358821623947,-75.56719472508964,1503.1647501021346,54195.63483816353,44776.58736716476,4531.735411950155,3065.211612721177,-74.4708776118005,1495.8634706500486,HIT,0.006878520339527246,161.8296633462565,541042.1628317061,32948.40254430385,118381.47664852721
232,quasi_ballistic,7,2,90000.0,20000.0,0.0,1465.8911186441503,-21.103780891716912,835.9875161403196,94397.67335593264,19936.68865732485,2517.8175484209614,1465.8911186441503,-21.103780891716912,842.5575161403211,HIT,0.061810200214725525,207.90839046402704,391071.3741225073,48605.88769988781,16489.424661282923
233,supersonic_cruise,8,4,70000.0,60000.0,0.0,1147.0275132147794,17.20388053392034,120.0,73441.08253964456,60051.611641601776,259.7611575195571,1147.0275132147794,17.20388053392034,64.09553699217709,HIT,0.006969190693982682,243.9601728837262,349829.03012443427,64197.06165879456,3503.410578198367
234,high_ballistic,0,1,15000.0,-75000.0,0.0,3166.68938222583,215.79554129425836,1414.9982426804106,23773.683832424995,-74402.11317775946,4552.298178136756,2924.5612774749743,199.2956074136143,1502.7177260455821,HIT,0.015095568433316142,172.99980729344074,520948.53627111093,-40521.89932479725,118259.86295911044
235,quasi_ballistic,4,3,25000.0,85000.0,0.0,1373.5967279939705,-226.72267483300746,952.0835367311354,29120.790183981808,84319.83197550057,2866.105610193408,1373.5967279939705,-226.72267483300746,958.6535367311369,HIT,0.02346392907187034,238.78201528371292,354362.9059849415,58199.41602914319,38030.39960313776
236,supersonic_cruise,5,1,80000.0,-65000.0,0.0,1065.2652758189693,141.01186800243775,120.0,83195.79582745733,-64576.964395992836,259.7611575195571,1065.2652758189693,141.01186800243775,64.09553699217709,HIT,0.0038774950021942815,233.68153972020374,328932.8296942188,-32048.129565759795,4177.567938551529
237,high_ballistic,3,2,45000.0,45000.0,0.0,3222.235374550089,-388.68707709063517,1404.4790664489778,54605.65262787219,43841.30344016303,4196.072792007041,3201.8842092907216,-386.23218661226457,1383.9759306690103,HIT,0.04995607430911339,157.59940801205863,549615.0504422984,-15869.9560663573,100923.6754301726
238,quasi_ballistic,6,2,65000.0,-15000.0,0.0,1494.6336253112386,-42.57455173806659,1017.7044347458029,69483.90087593376,-15127.723655214213,3062.9683042374118,1494.6336253112386,-42.57455173806659,1024.2744347458045,HIT,0.003973779678479875,205.52267064739635,369495.3326438444,-49105.17724810109,30035.051740182404
239,supersonic_cruise,8,3,70000.0,60000.0,0.0,954.3109087150641,-69.91211107688804,120.0,72862.93272614537,59790.26366676946,259.7611575195571,954.3109087150641,-69.91211107688804,64.09553699217709,MISS,32.68997864434914,251.5583523757428,310064.8793617132,42413.02452384833,3332.3340483607353
240,high_ballistic,3,2,45000.0,45000.0,0.0,2699.7445762761477,-230.76256347716634,1573.0234888586428,53953.13364510497,44234.72461459736,4224.846864374302,2984.377881701727,-255.091795134179,1393.5672881247638,HIT,0.004799576981392765,164.52014143355188,535990.2708171852,3032.262302149341,101348.68802812842
241,quasi_ballistic,8,2,70000.0,60000.0,0.0,1665.2038645763307,-180.4239881257254,1035.3262529397762,74995.61159372941,59458.72803562292,3115.8337588193303,1665.2038645763312,-180.4239881257254,1041.8962529397777,HIT,0.12402703855939061,201.20367377799636,399182.3887656095,6294.213618865342,29776.62122034144
242,supersonic_cruise,0,0,15000.0,-75000.0,0.0,1146.7949438889207,144.43716416391268,120.0,18440.384831666714,-74566.68850750808,259.7611575195571,1146.7949438889207,144.43716416391268,64.09553699217709,HIT,0.010856578571819469,253.439217718814,305642.81299792556,-38393.95808022391,3512.8236059590663
243,high_ballistic,4,3,25000.0,85000.0,0.0,3189.8614360525266,-220.32625598246824,1345.7144675878426,33493.502204975615,84413.3470752521,4504.483260111068,2831.167401658532,-195.55097491600432,1486.7794200370195,HIT,0.003938215994949882,183.31199830919266,543986.9537963229,49153.160367987664,113115.2500883218
244,quasi_ballistic,1,2,30000.0,-35000.0,0.0,1667.3205539204728,158.56209625723926,914.89904354627,35001.96166176143,-34524.313711228315,2754.5521306388123,1667.3205539204728,158.56209625723926,921.4690435462716,HIT,0.01688361934346621,217.41122355531948,389472.82188295544,16135.897709737983,37155.85380940344
245,supersonic_cruise,1,1,30000.0,-35000.0,0.0,1002.3844500089227,71.858046913137,120.0,33007.153350026725,-34784.425859260664,259.7611575195571,1002.3844500089227,71.858046913137,64.09553699217709,HIT,0.007937345239928626,242.33891655146698,272916.7612914818,-17585.998757237496,3280.978415698217
246,high_ballistic,3,3,45000.0,45000.0,0.0,3015.3581101674813,-5.32773433263525,1494.5666648201864,53568.29002488652,44984.86097794346,4689.574716274425,2856.096674962225,-5.046340685443978,1548.4765720914716,HIT,0.0074290301117699775,173.88392955531742,541629.3122907751,44122.522482268905,126066.88371572123
247,quasi_ballistic,2,2,10000.0,5000.0,0.0,1485.067495295173,-126.77737314819028,1019.4355600883224,14455.202485885566,4619.6678805554075,3068.1616802649696,1485.067495295173,-126.77737314819028,1026.0055600883238,HIT,0.01377725450164207,220.07963572503547,336558.18654018635,709.1636605534886,39696.268473269796
248,supersonic_cruise,1,1,30000.0,-35000.0,0.0,1056.262814645745,-47.60355629401545,120.0,33168.78844393723,-35142.81066888216,259.7611575195571,1056.262814645745,-47.60355629401545,64.09553699217709,HIT,0.03578093280022994,256.3041488230477,300724.5400326288,-47200.98900635683,4085.20966677884
249,high_ballistic,8,2,70000.0,60000.0,0.0,2836.29678954267,-300.8278491378449,1509.9083658844809,78312.60416749894,59118.33527377574,4592.5408663439775,2770.8680558330866,-293.8882420747771,1516.1319554479892,HIT,0.017030463785663228,170.05318409112735,541194.9345435589,10023.370666528866,120984.5310118777
250,quasi_ballistic,6,1,65000.0,-15000.0,0.0,1672.1418323154733,-85.26474643411586,902.032390094395,70016.42549694661,-15255.79423930234,2715.9521702831876,1672.1418323154733,-85.26474643411586,908.6023900943966,MISS,43.883184448882496,213.29120960899144,410446.79746723064,-89821.38803823065,30090.564855315366
251,supersonic_cruise,0,1,15000.0,-75000.0,0.0,1041.7979486661195,160.01289762976893,120.0,18125.393845998406,-74519.96130711108,259.7611575195571,1041.7979486661195,160.01289762976893,64.09553699217709,HIT,0.0035119244680061144,272.0299259399827,298400.2186533208,-31471.703308210148,4025.1683372044517
252,high_ballistic,7,2,90000.0,20000.0,0.0,3242.410839290651,-50.920541564783306,1373.2036082288562,98311.09469084447,19869.478155721154,4777.4114694519785,2770.364896948105,-43.50728142628725,1577.7554898173228,HIT,0.0020864685378806707,169.27685707038495,558958.6626202341,12635.22412216776,131508.23348799668
253,quasi_ballistic,2,2,10000.0,5000.0,0.0,1581.735077169058,72.8857214083274,915.095045983861,14745.205231507207,5218.657164224987,2755.1401379515855,1581.735077169058,72.8857214083274,921.6650459838626,HIT,0.030612401113285188,230.36198692359076,374086.23533892457,10452.467921570133,40800.99237023824
254,supersonic_cruise,8,3,70000.0,60000.0,0.0,1172.2052244149395,-123.84527754109165,120.0,73516.61567324481,59628.46416737666,259.7611575195571,1172.2052244149395,-123.84527754109165,64.09553699217709,HIT,0.0010562338077434058,236.21457715783941,346891.96146454127,30745.94013360826,2668.4462115175074
255,high_ballistic,1,1,30000.0,-35000.0,0.0,2747.750053707102,-32.70858112236327,1583.0840476227745,38438.03050980561,-35100.44436358774,4595.477177996511,2812.676836601842,-33.48145452926633,1517.1107259988337,HIT,0.01971509487297778,181.75043120578388,541205.2262392781,-41085.26823556911,119056.51314040643
256,quasi_ballistic,4,3,25000.0,85000.0,0.0,1704.3307313694108,-236.84646650771236,1071.2121129646523,30112.99219410823,84289.46060047689,3223.4913388939594,1704.3307313694108,-236.84646650771236,1077.7821129646538,HIT,0.020455980900150363,229.979084798973,399810.68526905426,-29737.155356451694,34167.32139346551
257,supersonic_cruise,2,2,10000.0,5000.0,0.0,986.4132194265586,37.922742031129346,120.0,12959.23965827973,5113.768226093398,259.7611575195571,986.4132194265586,37.922742031129346,64.09553699217709,HIT,0.010060089706564433,248.99159356681807,255608.59909269045,14442.443976010589,2477.464333338792
258,high_ballistic,4,2,25000.0,85000.0,0.0,2817.7283808129164,-406.31531973859757,1617.6962227694148,34143.46605809824,83681.51580535108,4442.562422022564,3047.8220193660986,-439.49473154960447,1466.1391406741845,HIT,0.02013899610099494,162.7478102830589,521026.3581408337,13473.197517325232,113482.62550865054
259,quasi_ballistic,4,4,25000.0,85000.0,0.0,1401.9149661614579,-112.38213887082931,905.1654666925019,29205.74489848448,84662.85358338733,2725.3514000775076,1401.9149661614579,-112.38213887082931,911.7354666925035,HIT,0.04558998709585362,222.00595730147862,336339.33269986353,71204.21179232482,35601.36623377261
260,supersonic_cruise,3,3,45000.0,45000.0,0.0,1008.3663566741702,-31.094746455001154,120.0,48025.0990700227,44906.715760634834,259.7611575195571,1008.3663566741702,-31.094746455001104,64.09553699217709,HIT,0.0025951439407706743,259.7295764343541,306902.5666208981,36923.77467271489,2357.3493720433025
261,high_ballistic,1,2,30000.0,-35000.0,0.0,3139.6792006500605,353.08783286255317,1472.54341279585,39169.614670166775,-33968.786565390765,4493.649315639146,3056.5382233889445,343.7378115364495,1483.1681052130452,HIT,0.02065919990798907,167.55810311708368,542147.7453843148,22596.051928727356,115736.68273246226
262,quasi_ballistic,2,2,10000.0,5000.0,0.0,1692.6905692052628,-140.1185335503353,1023.5397248216427,15078.071707615782,4579.644399348981,3080.4741744649305,1692.6905692052628,-140.1185335503353,1030.1097248216442,HIT,0.08900465870115017,213.15579180911607,359310.8233915124,-69735.29861910905,40163.60926026634
263,supersonic_cruise,6,2,65000.0,-15000.0,0.0,1099.347319628195,14.228428514384838,120.0,68298.04195888479,-14957.314714456807,259.7611575195571,1099.347319628195,14.228428514384838,64.09553699217709,HIT,0.0017111617243808963,240.66580477651834,329575.30748193816,-11575.703798760434,3668.12172540524
264,high_ballistic,7,2,90000.0,20000.0,0.0,2758.8488132177913,-46.3999270999459,1570.4418407665378,97993.59826477157,19865.55900599742,4833.946591052776,2664.532754923898,-44.81366466750523,1596.600530350922,HIT,0.00036836767930682724,159.27373025083128,514390.0712332339,12862.360459889518,134553.31678500952
265,quasi_ballistic,6,2,65000.0,-15000.0,0.0,1667.0200112186303,-26.768653666788158,904.6020839914884,70001.06003365571,-15080.305961000413,2723.661251974467,1667.0200112186303,-26.768653666788158,911.1720839914899,HIT,0.05679039829366406,201.48906745707762,397005.84316219465,-53445.38113072749,29719.267630498318
266,supersonic_cruise,7,2,90000.0,20000.0,0.0,981.0208596532877,23.27794302552859,120.0,92943.06257896009,20069.833829076597,259.7611575195571,981.0208596532877,23.27794302552859,64.09553699217709,HIT,0.0034340877137599233,233.53164937672355,319099.41928714945,25436.136433798907,3562.2173811440925
267,high_ballistic,1,0,30000.0,-35000.0,0.0,2683.1520773898387,-113.50913233214719,1591.5372695407598,38087.417692130985,-35342.13333369262,4708.055299546807,2695.8058973769726,-114.04444456417839,1554.636766515599,HIT,0.0035915073567695213,174.8445844019237,501347.06158965046,-54940.05354258411,127016.57324676406
268,quasi_ballistic,5,0,80000.0,-65000.0,0.0,1563.792081765865,-22.51357198860058,905.3906646093074,84691.37624529802,-65067.54071596559,2726.0269938279243,1563.792081765865,-22.51357198860058,911.9606646093089,HIT,0.05250538414612438,198.4923030926733,388591.0470645309,-88950.58691917511,22166.658337998495
269,supersonic_cruise,6,2,65000.0,-15000.0,0.0,1084.9184659251935,-42.178671824501535,120.0,68254.75539777544,-15126.536015473539,259.7611575195571,1084.9184659251935,-42.178671824501535,64.09553699217709,HIT,0.008342339301546755,230.48782424734807,315060.4963244353,-24721.670316668435,4436.939191053201
270,high_ballistic,6,2,65000.0,-15000.0,0.0,2864.4082287839055,20.85446162173648,1578.3036163619615,74081.34868427354,-14933.882804934437,4436.263605662358,3027.1162280911512,22.039065021840198,1464.0395352207822,HIT,0.01344886757505619,160.4588547583929,550727.6020496258,-11463.636292224566,113351.16706126797
271,quasi_ballistic,3,2,45000.0,45000.0,0.0,1630.6741279244009,-152.5196303312066,901.8608463953262,49892.02238377329,44542.44110900632,2715.437539185981,1630.6741279244009,-152.5196303312066,908.4308463953276,HIT,0.0019427531220327127,223.1159506362002,406493.2746151878,10341.619864665543,41000.8144748034
272,supersonic_cruise,8,3,70000.0,60000.0,0.0,895.33936367878,-91.85714518412841,120.0,72686.01809103595,59724.428564447444,259.7611575195571,895.33936367878,-91.85714518412841,64.09553699217709,HIT,0.0027737317094602408,249.1214207519171,293048.2144359022,37116.41748711335,3033.388800884718
273,high_ballistic,8,4,70000.0,60000.0,0.0,3125.36439751813,69.74157949518228,1356.0344689497579,79271.5902106525,60206.89278544189,4069.81126779783,3090.5300702174873,68.96426181391345,1341.8887559326067,HIT,0.008748037342510522,156.26244500060636,552933.7841349365,70776.52427705866,94515.57352247086
274,quasi_ballistic,1,2,30000.0,-35000.0,0.0,1703.8944002910416,164.48070250433207,1030.0559331283769,35111.683200873085,-34506.55789248689,3100.0227993851327,1703.8944002910416,164.48070250433207,1036.6259331283784,HIT,0.008171839871683588,224.52662858409406,410541.07635308336,13122.923457790544,40919.313626095776
275,supersonic_cruise,0,0,15000.0,-75000.0,0.0,1085.4039829544975,152.00358310320988,120.0,18256.211948863518,-74543.98925069079,259.7611575195571,1085.4039829544975,152.00358310320988,64.09553699217709,HIT,0.005016117011694078,261.7318901191715,299084.83584287553,-35215.81487898552,1917.3450436622747
276,high_ballistic,3,2,45000.0,45000.0,0.0,3328.745226976035,-292.67143392149126,1363.3879454708704,55124.66832215301,44109.81436133661,3990.0948135309577,3374.8894407176667,-296.72854622119456,1315.3166045103158,HIT,0.04787015484302499,151.49450622275006,556277.2045036425,47.26027162752668,91149.13402019406
277,quasi_ballistic,6,2,65000.0,-15000.0,0.0,1592.0333777284359,5.200846430798034,899.3471706017813,69776.1001331851,-14984.39746070766,2707.8965118053457,1592.0333777284359,5.200846430798034,905.9171706017828,HIT,0.005913851133892051,205.01321806888103,386429.7053470431,-50663.43219937311,30653.611558783414
278,supersonic_cruise,1,1,30000.0,-35000.0,0.0,1034.3539258971393,73.49538337987707,120.0,33103.06177769147,-34779.51384986023,259.7611575195571,1034.3539258971393,73.49538337987707,64.09553699217709,HIT,0.002758438796613755,250.0301088750284,288619.62458694004,-16623.941288301045,4140.468839816725
279,high_ballistic,6,2,65000.0,-15000.0,0.0,2565.3485722112637,174.57219863481475,1620.5761661298006,73448.80309088388,-14425.058197788312,4384.421316788316,2816.2676969613485,191.64726740388585,1446.7587722627686,HIT,0.016002360362421215,174.70946017159886,557028.6078680352,18482.588761310908,108186.89684663019
280,quasi_ballistic,4,3,25000.0,85000.0,0.0,1455.5229663293032,-175.22581673446152,805.3113919577046,29366.568898987898,84474.3225497962,2425.789175873116,1455.5229663293032,-175.22581673446152,811.8813919577061,HIT,0.10079009937147675,250.85291697552591,389400.82998534146,43128.55553501277,36190.32623575696
281,supersonic_cruise,5,1,80000.0,-65000.0,0.0,897.1794695522285,146.81357147344457,120.0,82691.53840865707,-64559.5592855796,259.7611575195571,897.1794695522285,146.81357147344457,64.09553699217709,HIT,0.015763446452795964,258.199065700698,311650.9001037498,-27092.87300249767,3708.593424658776
282,high_ballistic,9,2,85000.0,-85000.0,0.0,2976.272870196708,401.54165405039936,1428.6863197199084,93549.94274783647,-83846.49079478579,4431.84321761904,2849.980915945372,384.50306840486104,1462.5660725396765,HIT,0.01038499252676812,159.64119937718235,539974.3707430651,-23617.469750821834,113178.59787145708
283,quasi_ballistic,5,1,80000.0,-65000.0,0.0,1704.8503196317752,235.75609233043676,947.7904771219677,85114.55095889542,-64292.731723008765,2853.2264313659052,1704.8503196317752,235.75609233043676,954.3604771219692,HIT,0.00967219739064714,199.21285668386727,418218.4649252185,-15674.704921907254,21890.1315088418
284,supersonic_cruise,4,4,25000.0,85000.0,0.0,1145.647558063797,0.43282769048772823,120.0,28436.942674191378,85001.29848307115,259.7611575195571,1145.647558063797,0.43282769048785835,64.09553699217709,HIT,0.0003059729088931755,237.22496432683764,296776.20108506025,85102.67753341259,1570.78474114788
285,high_ballistic,3,3,45000.0,45000.0,0.0,2878.1277904764356,-21.855606934989357,1610.407222740658,55311.16071635843,44921.70025375337,4001.434463193314,3437.0535721194224,-26.099915415607125,1319.0964877311014,HIT,0.01743653024087987,157.3727313242681,585898.5066899734,40892.58537089289,90743.21167443373
286,quasi_ballistic,3,3,45000.0,45000.0,0.0,1602.5663751709487,58.4716675337639,1120.3455313424136,49807.69912551303,45175.41500260122,3370.8915940272427,1602.5663751709487,58.4716675337639,1126.915531342415,HIT,0.012251806785040623,230.0808920656736,401985.9104274798,-18413.228868172322,36533.78531071741
287,supersonic_cruise,9,0,85000.0,-85000.0,0.0,978.4716919352245,159.5384511685399,120.0,87935.4150758058,-84521.38464649412,259.7611575195571,978.4716919352245,159.5384511685399,64.09553699217709,HIT,0.011464822967117596,225.14410226804674,305297.1303273032,-49080.85861680694,2328.706253122
288,high_ballistic,0,2,15000.0,-75000.0,0.0,3171.600589419378,517.8877566842469,1422.0711754540619,23751.113873855084,-73571.03862707707,4594.370346677287,2917.037957951715,476.3204576409074,1516.741782225759,HIT,0.0055342627735408345,175.76819535074247,527722.4972261456,8721.986242220315,120230.50910541882
289,quasi_ballistic,0,0,15000.0,-75000.0,0.0,1527.2544819222694,116.35807906487445,825.1370403356866,19581.763445766846,-74650.92576280556,2485.266121007063,1527.2544819222694,116.35807906487445,831.7070403356881,HIT,0.009897494206871853,234.03066893994114,368560.13353783375,-23381.781774457755,34987.70271110562
290,supersonic_cruise,5,1,80000.0,-65000.0,0.0,1023.0546143809192,145.16872301676747,120.0,83069.16384314245,-64564.493830949505,259.7611575195571,1023.0546143809192,145.16872301676747,64.09553699217709,HIT,0.033504157773932404,252.20146652059253,338015.8727089956,-28388.23514827268,3139.7147300187307
291,high_ballistic,0,2,15000.0,-75000.0,0.0,2951.0416358442903,538.8406437598759,1493.7515577162185,24691.520070058847,-73230.3926687676,4049.4447647693833,3230.5066900196466,589.8691104108233,1335.0999215897912,HIT,0.02868673531417843,165.9285711844892,551033.3569468532,22876.132456346735,91368.63088788894
292,quasi_ballistic,7,3,90000.0,20000.0,0.0,1619.668343348263,122.42716241567032,930.8712405669614,94859.00503004494,20367.28148724709,2802.4687217008864,1619.668343348263,122.42716241567032,937.441240566963,HIT,0.01670995388167976,212.7165989169111,421001.1112645328,104590.49189636955,17050.99767544944
293,supersonic_cruise,2,2,10000.0,5000.0,0.0,1101.9362727987127,-35.57063795351089,120.0,13305.808818396108,4893.288086139455,259.7611575195571,1101.9362727987127,-35.57063795351089,64.09553699217709,HIT,0.011827227752806412,253.04123782777015,288835.31804224127,-4000.838264189877,2685.6118812719856
294,high_ballistic,3,2,45000.0,45000.0,0.0,2812.2612930606974,-62.94102691941499,1534.3863799415908,53275.390868869,44814.78904512478,4648.78847463258,2758.4636229562725,-61.73698495837829,1534.8811582108567,HIT,0.014086399058388677,178.90102673995824,538491.9734687097,33955.18907847981,122869.52228041226
295,quasi_ballistic,8,4,70000.0,60000.0,0.0,1526.1494155053374,-14.708258747964374,948.6559882102608,74578.44824651605,59955.87522375601,2855.8229646307846,1526.1494155053374,-14.708258747964374,955.2259882102624,HIT,0.018697160593093263,225.44015212433115,411916.10740093066,29393.12709374271,30475.781500105622
296,supersonic_cruise,5,0,80000.0,-65000.0,0.0,1039.1859819752285,-23.7849722860755,120.0,83117.55794592551,-65071.354916858254,259.7611575195571,1039.1859819752285,-23.7849722860755,64.09553699217709,HIT,0.013574896155437223,238.9943924339181,328359.62182087556,-70684.47499634087,3487.2952713909817
297,high_ballistic,8,2,70000.0,60000.0,0.0,3058.0007344357737,-280.4194280138111,1453.3758401122566,78260.41121854476,59242.518236513715,4798.207083933654,2753.4704061816674,-252.49392116214878,1584.6873613112148,HIT,0.008085894307236562,166.5439551512597,528573.8511578754,17948.664302776568,132772.06231771724
298,quasi_ballistic,0,0,15000.0,-75000.0,0.0,1610.2810885572203,50.426393431674505,949.3736741983456,19830.843265671687,-74848.72081970534,2857.976022595039,1610.2810885572203,50.426393431674505,955.9436741983471,HIT,0.04092065738142944,211.5557153016196,354135.5356563949,-73455.2727478712,37879.55223407113
299,supersonic_cruise,8,2,70000.0,60000.0,0.0,937.0380912922889,-161.26833230600548,120.0,72811.11427387659,59516.19500308181,259.7611575195571,937.0380912922889,-161.26833230600548,64.09553699217709,HIT,0.03475490472405311,240.9038849190369,295736.11500516045,21149.832269264156,4100.293751334917
300,high_ballistic,2,2,10000.0,5000.0,0.0,3289.417869520981,200.14848731452022,1375.7811199071418,18565.010910421915,5521.14813184342,4711.21041394225,2855.0036368072974,173.7160439478149,1555.6884713140796,HIT,0.004286296478690193,179.81687965569628,523377.845008202,36237.076322742985,126432.25022814557
301,quasi_ballistic,3,3,45000.0,45000.0,0.0,1621.4362343703067,43.24632752188163,915.1222975049611,49864.30870311102,45129.73898256576,2755.2218925148854,1621.4362343703067,43.24632752188163,921.6922975049627,HIT,0.008209271862262151,236.02788429905766,424990.95017787185,79207.11832268535,33063.70503149908
302,supersonic_cruise,9,0,85000.0,-85000.0,0.0,1014.1756249617848,96.2164101828282,120.0,88042.52687488537,-84711.35076945153,259.7611575195571,1014.1756249617848,96.2164101828282,64.09553699217709,HIT,0.0013051189092601325,229.67318142359838,317928.9423619179,-62901.67096931606,3932.6363932828526
303,high_ballistic,2,2,10000.0,5000.0,0.0,3436.7229212389343,-42.36615902737651,1343.8327861786631,19534.340152319055,4882.465540466492,4315.404563274505,3178.1133841063593,-39.17815317783739,1423.7531877581653,HIT,0.05324577042630922,171.05316488355183,553626.3470641326,-1701.5455971069387,105055.30595704389
304,quasi_ballistic,8,2,70000.0,60000.0,0.0,1624.3230082530772,-146.81149119077165,881.2023733737287,74872.96902475937,59559.56552642776,2653.4621201211885,1624.3230082530772,-146.81149119077165,887.7723733737303,MISS,66.87402581637029,212.4742352122171,409074.80938109686,-2930.9588445657364,27337.99233126365
305,supersonic_cruise,5,1,80000.0,-65000.0,0.0,1015.4457062192959,102.67823875310202,120.0,83046.33711865754,-64691.965283740574,259.7611575195571,1015.4457062192959,102.67823875310202,64.09553699217709,HIT,0.01885630561884357,230.80747747656198,314372.4612133667,-41301.09472870034,3777.197419782182
306,high_ballistic,8,4,70000.0,60000.0,0.0,2701.792482159793,38.479181639991204,1574.1758823392274,78777.7190851979,60125.013097524934,4316.654053715717,2925.9063617325555,41.67103250828205,1424.1696845719023,HIT,0.015228019225360748,159.89841128591507,537847.7773007355,66663.1323858223,107019.70217534056
307,quasi_ballistic,0,0,15000.0,-75000.0,0.0,1710.571642900974,110.4552904300138,916.9816437243313,20131.71492870293,-74668.63412870967,2760.7999311729964,1710.571642900974,110.4552904300138,923.5516437243328,HIT,0.025812546216913358,214.32465991458068,380314.51333847747,-70048.25192611237,33228.231829446646
308,supersonic_cruise,3,2,45000.0,45000.0,0.0,1054.663949051619,-128.19601596396257,120.0,48163.99184715483,44615.41195210826,259.7611575195571,1054.663949051619,-128.19601596396257,64.09553699217709,HIT,0.0013371457004301972,227.92824422512933,285387.7021023081,15780.50716554519,3842.194893101444
309,high_ballistic,6,2,65000.0,-15000.0,0.0,2802.186056009864,288.68347832557066,1542.4196260168392,74150.8816874956,-14057.268752862983,4206.73729148631,3050.293895831986,314.2437490456679,1387.5307638287666,HIT,0.034036428914015066,158.50524626502425,548487.5817147742,34809.27685365533,101362.93679179883
310,quasi_ballistic,8,2,70000.0,60000.0,0.0,1675.405555714574,-173.6192537567412,1135.945617386345,75026.21666714404,59479.14223872969,3417.6918521590374,1675.405555714574,-173.6192537567412,1142.5156173863465,HIT,0.026187572102721553,196.43363526664078,390506.80686167674,-13984.004427188376,31618.958984109377
311,supersonic_cruise,3,3,45000.0,45000.0,0.0,1011.4584121198953,-3.033541614854404,120.0,48034.37523635948,44990.89937515542,259.7611575195571,1011.4584121198953,-3.033541614854404,64.09553699217709,HIT,0.013307316976633066,248.7953499840669,296646.14929019473,44245.26895177028,1575.5735973016099
312,high_ballistic,3,2,45000.0,45000.0,0.0,2890.5043960555076,-142.17472727435378,1545.7354111355376,54151.81557763601,44549.85126969841,4349.69299510743,3050.6051925453526,-150.04957676720107,1435.1826650358066,HIT,0.02139536696151831,163.2954214896359,543149.8590044151,20497.591363154712,108370.80222994224
313,quasi_ballistic,5,2,80000.0,-65000.0,0.0,1561.682220577308,277.985512341817,1097.018032795422,84685.04666173161,-64166.043462974485,3300.9090983862684,1561.682220577308,277.985512341817,1103.5880327954235,HIT,0.073373615776278,203.24348236036568,399409.43728755496,-36810.059949268485,25464.90141454125
314,supersonic_cruise,5,1,80000.0,-65000.0,0.0,964.0894010486456,128.65385152231255,120.0,82892.26820314565,-64614.03844543325,259.7611575195571,964.0894010486456,128.65385152231255,64.09553699217709,HIT,0.0021420046174837402,231.17244130067036,302870.9005519456,-35258.77506110263,3374.6233668760606
315,high_ballistic,0,0,15000.0,-75000.0,0.0,3230.3948087202793,126.39214137810652,1427.1135412846795,24634.39732039922,-74623.04542313941,4262.430720012423,3211.465773466396,125.65152562008784,1406.0952400041376,HIT,0.02740892743809135,167.7843272196802,553833.6217673137,-53917.64604705419,102775.15342968136
316,quasi_ballistic,4,4,25000.0,85000.0,0.0,1508.272886670414,-58.021587920917476,907.9854144500914,29524.81866001115,84825.93523623713,2733.811243350276,1508.272886670414,-58.021587920917476,914.5554144500929,HIT,0.0005494429570799947,234.8217645360437,374008.92373650806,43847.78978610348,38225.326315212595
317,supersonic_cruise,5,0,80000.0,-65000.0,0.0,1126.477028595177,-5.151813646034442,120.0,83379.43108578533,-65015.45544093824,259.7611575195571,1126.477028595177,-5.1518136460343795,64.09553699217709,HIT,0.01488926552992897,235.59429136518952,345391.55662725994,-66213.7378752341,3855.799019573208
318,high_ballistic,7,2,90000.0,20000.0,0.0,2888.0690841007163,-58.81800947005842,1387.1413330113774,98250.1643163152,19831.978311890853,4326.124319488828,2750.054772105205,-56.00722936973292,1427.3264398296062,HIT,0.002915599251718671,156.1388542465778,519390.4010551623,11255.095400070535,107875.61872736545
319,quasi_ballistic,9,0,85000.0,-85000.0,0.0,1626.8102864397008,59.24226778652883,884.5445745755959,89880.43085931917,-84822.2731966406,2663.48872372679,1626.8102864397008,59.24226778652883,891.1145745755974,HIT,0.004695502016998233,201.16514995240865,411016.714359135,-72685.16289870397,18798.671271061954
320,supersonic_cruise,9,0,85000.0,-85000.0,0.0,921.8720680651223,9.326842274733895,120.0,87765.61620419496,-84972.01947317575,259.7611575195571,921.8720680651223,9.326842274733895,64.09553699217709,HIT,0.002417629569161722,238.58081042764618,304940.9850007171,-82774.79441275078,4354.268458632309
321,high_ballistic,4,4,25000.0,85000.0,0.0,3049.7428954677694,-4.513609453909333,1409.7210610757982,33496.51917615435,84987.42517956678,4509.905937007097,2832.1730587181337,-4.191606811162609,1488.586979002362,HIT,0.02029424147379962,175.40365887179453,521773.5153338044,84264.77690286547,115356.33682035565
322,quasi_ballistic,3,2,45000.0,45000.0,0.0,1487.8046173845833,-227.64077487769492,828.1120201894292,49463.41385215361,44317.077675367036,2494.19106056829,1487.8046173845833,-227.64077487769492,834.6820201894308,HIT,0.0160058267148319,209.54017355445572,351389.3908024987,-17114.398555048225,35389.01071886529
323,supersonic_cruise,3,3,45000.0,45000.0,0.0,1018.269850392411,-13.846610636760145,120.0,48054.80955117717,44958.460168089514,259.7611575195571,1018.269850392411,-13.846610636760067,64.09553699217709,HIT,0.0005141165575230212,257.0628100981848,306759.30919422494,41440.55135948063,1546.1849317457693
324,high_ballistic,9,0,85000.0,-85000.0,0.0,2842.548898372174,107.57066733917036,1533.9242674872612,94125.88520021643,-84654.64883942361,4255.963073862176,3041.9617334054938,115.11705352546052,1403.9393579540554,HIT,0.00676415253521341,158.27065648462255,566453.2799130534,-66780.3488190042,103992.02319881244
325,quasi_ballistic,4,4,25000.0,85000.0,0.0,1492.6888394826397,-149.62525904484434,902.8479979823584,29478.06651844796,84551.12422286504,2718.3989939470775,1492.6888394826397,-149.62525904484434,909.4179979823599,HIT,0.03152848580238549,226.18615354073776,363232.1499625436,81053.51527823263,38681.36791949532
326,supersonic_cruise,3,3,45000.0,45000.0,0.0,1137.105633385033,-22.447268849796014,120.0,48411.316900155216,44932.658193450625,259.7611575195571,1137.105633385033,-22.447268849796014,64.09553699217709,HIT,0.03870577633566603,251.25593918953754,330704.54281568364,39359.99037263834,1650.0364065273197
327,high_ballistic,1,2,30000.0,-35000.0,0.0,2767.0305188395487,87.1846242982585,1553.296618450161,39512.2276698114,-34700.28520105392,4022.4284331949216,3170.7425566038023,99.90493298206806,1326.0944777316372,HIT,0.010490970135058791,162.12125076975306,544044.7480531516,-18803.28701147281,90839.74485551621
328,quasi_ballistic,9,0,85000.0,-85000.0,0.0,1591.9051773849017,112.74849620623584,920.7629363148521,89775.71553215472,-84661.75451138144,2772.1438089445587,1591.9051773849017,112.74849620623584,927.3329363148537,HIT,0.025058794641236712,213.6156811119022,422982.2988640667,-54295.70129189814,19932.617173230858
329,supersonic_cruise,9,0,85000.0,-85000.0,0.0,1131.1256932429235,42.35592527930237,120.0,88393.37707972882,-84872.93222416221,259.7611575195571,1131.1256932429235,42.35592527930237,64.09553699217709,HIT,0.011285267086586486,217.3415365550832,330840.59584943927,-75794.2981179074,2500.814735751889
330,high_ballistic,1,1,30000.0,-35000.0,0.0,2961.118442720845,-32.660145421087805,1545.5262427591745,38976.98004293619,-35099.013085533516,4544.076891247227,2992.3266809787183,-33.00436184456242,1499.9772970824054,HIT,0.018283204131509394,172.84753664292717,547216.2944296363,-40704.72206564179,117811.19507142942
331,quasi_ballistic,1,1,30000.0,-35000.0,0.0,1607.4248011583989,-4.001439837051867,860.213544868711,34822.274403475145,-35012.004319511034,2590.4956346061354,1607.4248011583989,-4.001439837051867,866.7835448687125,HIT,0.026949609988044375,226.17247289276023,387345.6126104069,-78300.77174129579,33612.549221845715
332,supersonic_cruise,6,1,65000.0,-15000.0,0.0,1015.263426817508,-81.70016985501529,120.0,68045.79028045264,-15245.10050956509,259.7611575195571,1015.263426817508,-81.70016985501529,64.09553699217709,HIT,0.013293468674641915,236.34561454988406,304953.05796936946,-34309.47685285297,4272.07398918325
333,high_ballistic,2,2,10000.0,5000.0,0.0,3490.6098023910204,101.77822360268019,1365.0275792838995,20141.941995526795,5295.71590599413,4184.138681562776,3380.647331842259,98.57196866471814,1379.9978938542552,HIT,0.029214744937888844,162.4098999603015,559050.5928346408,21009.06100254879,99525.99260102403
334,quasi_ballistic,6,2,65000.0,-15000.0,0.0,1387.6894351694243,94.59244713801256,942.0158564592851,69163.06830550835,-14716.222658585939,2835.9025693778576,1387.6894351694243,94.59244713801256,948.5858564592867,HIT,0.04059325893754685,213.5086583162974,360741.6226672652,-1042.2803764415953,35165.22413178628
335,supersonic_cruise,9,0,85000.0,-85000.0,0.0,916.8944138738267,154.04498692907416,120.0,87750.68324162188,-84537.86503921321,259.7611575195571,916.8944138738267,154.04498692907416,64.09553699217709,HIT,0.008115657075744999,253.7385933820156,317651.49854688323,-45912.84168249688,2678.1881838246463
336,high_ballistic,0,1,15000.0,-75000.0,0.0,3088.941000349332,228.88547654344737,1460.0603527343471,24182.26755497848,-74319.60899064346,4376.371210824504,3060.755851659521,226.79700311887052,1444.0754036081644,HIT,0.008567138404206854,179.06846453532216,563084.8502308785,-34387.8097372443,106577.0049254013
337,quasi_ballistic,3,2,45000.0,45000.0,0.0,1501.0174871914178,-194.62961442190291,805.2590697244173,49503.05246157426,44416.111156734405,2425.632209173254,1501.0174871914178,-194.62961442190291,811.8290697244188,MISS,29.107025162060594,228.02201563038724,387472.3234940159,36593.40454880448,38624.87675432943
338,supersonic_cruise,9,0,85000.0,-85000.0,0.0,1083.8563434243251,20.244066225412013,120.0,88251.56903027324,-84939.26780132373,259.7611575195571,1083.8563434243251,20.244066225412013,64.09553699217709,HIT,0.0016063845861530924,236.91514337008982,341781.9810603368,-80203.87414721679,3246.432223261657
339,high_ballistic,2,2,10000.0,5000.0,0.0,3006.2408417715546,129.84411924414619,1506.8979012460318,18715.68982153949,5376.443913860239,4633.727087094249,2905.2299405131503,125.48130462007701,1529.8606956980793,HIT,0.0020832489019408105,167.51283755556443,496663.3109416568,26019.729112221634,123564.2094013475
340,quasi_ballistic,2,2,10000.0,5000.0,0.0,1463.154873541821,47.85426955541492,897.1296279246405,14389.464620625477,5143.562808666229,2701.2438837739246,1463.154873541821,47.85426955541492,903.6996279246423,HIT,0.013165274490639164,231.787546928516,341128.3621875865,64231.7612884055,34943.49097898644
341,supersonic_cruise,6,2,65000.0,-15000.0,0.0,958.1821750162512,55.92970044477053,120.0,67874.54652504879,-14832.210898665726,259.7611575195571,958.1821750162512,55.92970044477053,64.09553699217709,MISS,71.11513031466068,243.2765983334549,298103.30010973837,-1393.6127301064762,2675.5779516375133
342,high_ballistic,8,2,70000.0,60000.0,0.0,2757.485876047103,-235.20364289970453,1596.1559102572223,78278.27805284731,59293.89260997501,4740.95597796323,2759.4260176157213,-235.36913000832186,1565.603659321073,HIT,0.0098348561633828,173.49025385256158,548733.5196505298,19165.750467723672,129087.85881672327
343,quasi_ballistic,8,4,70000.0,60000.0,0.0,1635.3443809694193,0.9276194064323461,1099.0420238476636,74906.03314290842,60002.78285821929,3306.981071542993,1635.3443809694193,0.9276194064323461,1105.6120238476651,HIT,0.04580135801476671,211.85542934886234,413703.6591974534,26114.757854570365,31931.203462535006
344,supersonic_cruise,2,2,10000.0,5000.0,0.0,1087.54559417792,-25.923998677109353,120.0,13262.63678253381,4922.228003968648,259.7611575195571,1087.54559417792,-25.923998677109353,64.09553699217709,HIT,0.017435327874584815,266.59653004199015,299935.8811612241,-1911.2480981879914,1546.5162890935117
345,high_ballistic,7,1,90000.0,20000.0,0.0,2908.793224356443,-314.41667415279335,1529.1173822762776,98480.95051586424,19083.278855119643,4675.959951964686,2826.9835052880608,-305.5737149601385,1543.9383173215588,HIT,0.006890518909749707,172.08460076142487,576480.3275980488,-32584.529783226193,125500.16424421521
346,quasi_ballistic,9,0,85000.0,-85000.0,0.0,1536.4850185820999,62.79323874311464,909.7133817665057,89609.45505574608,-84811.6202837709,2738.9951452995197,1536.4850185820999,62.79323874311464,916.2833817665072,HIT,0.053521791044045204,203.89013202910658,396249.351207672,-63229.72649985813,19717.102399811403
347,supersonic_cruise,1,1,30000.0,-35000.0,0.0,901.0108008682364,30.911897627724397,120.0,32703.03240260473,-34907.264307117,259.7611575195571,901.0108008682364,30.911897627724446,64.09553699217709,HIT,0.009122818717649165,281.2590032168106,283417.3993027435,-26305.750479815637,3913.4793868750503
348,high_ballistic,4,2,25000.0,85000.0,0.0,2957.67655842381,-357.188104311574,1537.511391160288,34772.586258422234,83819.79943008831,4143.810114156956,3257.5287528073954,-393.4001899706684,1366.5550380523152,HIT,0.01841494437500278,156.19462171215707,533808.4702540041,23553.007946244892,98379.26660106429
349,quasi_ballistic,6,2,65000.0,-15000.0,0.0,1574.5651587100733,-21.920294392873824,876.8637460952355,69723.69547613048,-15065.760883178627,2640.4462382857087,1574.5651587100733,-21.920294392873824,883.433746095237,HIT,0.046729011298181286,207.53705538873166,385550.82342521625,-65169.863851115835,30408.318008258917
350,supersonic_cruise,9,0,85000.0,-85000.0,0.0,1102.966358990926,90.89737312460561,120.0,88308.89907697245,-84727.30788062618,259.7611575195571,1102.966358990926,90.89737312460561,64.09553699217709,HIT,0.008609546069166104,227.08773295144314,335470.1296852928,-64358.32160033248,2658.631684126465
351,high_ballistic,9,0,85000.0,-85000.0,0.0,3135.7279480097577,104.4112645292756,1354.1633161832342,93070.6668767202,-84731.26860870485,4691.100599191433,2690.2222922399683,89.57713043183534,1548.9851997304743,HIT,0.013213667062863334,165.0541778256956,529032.4278417318,-70214.9213541211,126897.69529931514
352,quasi_ballistic,0,1,15000.0,-75000.0,0.0,1433.0940237207453,172.2246186220221,994.7530921379205,19299.28207116227,-74483.32614413404,2994.114276413764,1433.0940237207453,172.2246186220221,1001.323092137922,HIT,0.0245442700643047,246.64579450799488,366974.692133771,-39262.82673541884,37636.48035487531
353,supersonic_cruise,3,2,45000.0,45000.0,0.0,1115.6074500882935,-147.14238077790628,120.0,48346.82235026485,44558.57285766615,259.7611575195571,1115.6074500882935,-147.14238077790628,64.09553699217709,HIT,0.005055791082320649,229.98306680849862,301570.82251661207,11159.74401361413,3964.941279654354
354,high_ballistic,0,0,15000.0,-75000.0,0.0,3223.498680971349,-32.619823437001216,1412.437625902447,24705.306039274583,-75098.21172605763,4177.969918441075,3235.102013091528,-32.73724201926261,1377.941639480355,HIT,0.0733436639314051,172.63838579195823,573502.7816405572,-80651.70287388779,96777.73099239073
355,quasi_ballistic,7,2,90000.0,20000.0,0.0,1582.1924250245122,54.89210204321747,892.3274423215972,94746.57727507321,20164.676306129695,2686.837326964794,1582.1924250245122,54.89210204321747,898.8974423215988,HIT,0.018760227161481735,201.08307216829002,402522.5859696033,66362.54928576524,16350.802151616059
356,supersonic_cruise,0,0,15000.0,-75000.0,0.0,927.5218309760638,-2.847430869260812,120.0,17782.56549292817,-75008.54229260789,259.7611575195571,927.5218309760638,-2.8474308692607786,64.09553699217709,HIT,0.009157435379676717,250.99139625952884,247799.99901330477,-75714.68065010107,4496.673275289825
357,high_ballistic,2,2,10000.0,5000.0,0.0,3247.282200693658,-138.0853039444618,1430.6133007109488,18787.14755184621,4626.341086018856,4713.991325875606,2929.049183948736,-124.55297132705061,1556.6154419585316,HIT,0.016827112725728788,169.3023947903685,505895.0397095375,-16087.114586015861,127927.80884979237
358,quasi_ballistic,4,2,25000.0,85000.0,0.0,1615.9479862947164,-310.1839159318669,1042.8725535476901,29847.843958884114,84069.44825220446,3138.4726606430722,1615.9479862947164,-310.1839159318669,1049.4425535476917,HIT,0.055749936068107867,215.44268679117727,376083.0041919551,41054.31720568164,39147.6205647104
359,supersonic_cruise,4,4,25000.0,85000.0,0.0,914.1438808312837,-104.56851009743944,120.0,27742.431642493757,84686.29446970765,259.7611575195571,914.1438808312837,-104.56851009743944,64.09553699217709,HIT,0.005583984640550913,277.1348411239207,278341.11893451854,56020.42255620389,3414.9639380977046
360,high_ballistic,6,2,65000.0,-15000.0,0.0,3164.9108597614845,314.6603059889578,1437.938861718167,73395.0489724247,-14165.351317776294,4834.746714230701,2798.3496574749092,278.2162274079053,1596.8672380768967,HIT,0.011352727214818725,166.9046765971606,532057.644150221,31435.586581796364,134797.19545425504
361,quasi_ballistic,3,2,45000.0,45000.0,0.0,1716.2789522987996,-94.81334689105914,1054.4976340278906,50148.83685689623,44715.55995932693,3173.3479020836744,1716.2789522987996,-94.81334689105914,1061.0676340278922,HIT,0.03731905004978082,200.4194441153764,384835.3395852816,4896.026613725084,41390.40340414937
362,supersonic_cruise,4,4,25000.0,85000.0,0.0,1179.8825620459909,-79.11159451978327,120.0,28539.647686137905,84762.66521644022,259.7611575195571,1179.8825620459909,-79.11159451978317,64.09553699217709,HIT,0.011497970261954645,234.29099319211232,301435.85700907826,66464.86593723678,1709.396222843191
363,high_ballistic,5,2,80000.0,-65000.0,0.0,2682.2619752513515,295.01787218060514,1582.7543696761877,88130.69970263139,-64105.71683610993,4655.113139510902,2710.2332342103714,298.0943879633446,1536.9893798369642,HIT,0.0028775560077918035,171.4355632336323,544630.3609364838,-13896.02099736095,124381.29901902234
364,quasi_ballistic,7,2,90000.0,20000.0,0.0,1582.481316269197,111.9218729335237,969.1036896383354,94747.44394880778,20335.76561880058,2917.1660689150085,1582.481316269197,111.9218729335237,975.6736896383369,HIT,0.020070079786708304,211.72896560017088,422046.4547747193,63386.822740873075,17516.889652789083
365,supersonic_cruise,7,2,90000.0,20000.0,0.0,1103.7579392372681,-4.12832910716614,120.0,93311.27381771221,19987.615012678434,259.7611575195571,1103.7579392372681,-4.128329107166104,64.09553699217709,HIT,0.0007567486571319382,223.41220446751728,336592.9943830521,19077.68089389053,1699.5824468143069
366,high_ballistic,6,2,65000.0,-15000.0,0.0,2820.6992410932025,320.9405209438082,1539.2275140709671,73161.75500034526,-14071.351577131863,4743.462680656485,2720.5850001149665,309.5494742893637,1566.4392268854913,HIT,0.0026066458528720728,174.01635230742585,538426.2776864537,38866.669746497166,129175.6503430494
367,quasi_ballistic,2,2,10000.0,5000.0,0.0,1549.7401545016994,115.4507165488438,1080.6324555375702,14649.220463505117,5346.352149646518,3251.752366612713,1549.7401545016994,115.4507165488438,1087.2024555375717,HIT,0.04072089130396576,232.24368282548772,361523.2634559511,-43063.14421631482,35580.106080534664
368,supersonic_cruise,0,0,15000.0,-75000.0,0.0,977.3974006746156,149.4343391676948,120.0,17932.192202023798,-74551.69698249665,259.7611575195571,977.3974006746156,149.4343391676948,64.09553699217709,MISS,81.17422285872652,270.8531800741425,279731.19274846755,-34525.23393175253,3155.6142023203965
369,high_ballistic,3,2,45000.0,45000.0,0.0,2715.6519961598024,-119.70671284039489,1623.491531707648,54931.879347484064,44562.19993184102,3951.0245727682945,3310.626449161306,-145.93335605297793,1302.2931909227616,HIT,0.04097831477002444,159.00367047088812,571401.7542691939,21796.060587490978,87739.86555328369
370,quasi_ballistic,7,2,90000.0,20000.0,0.0,1684.728959003201,-215.26867238466275,1002.8136182675144,95054.18687700934,19354.193982846118,3018.2958548025454,1684.728959003201,-215.26867238466275,1009.3836182675159,HIT,0.005427616080750575,207.27343603942063,439883.44908703555,-11576.114050768305,17303.062568989422
371,supersonic_cruise,5,0,80000.0,-65000.0,0.0,923.9889975110475,2.942356698767092,120.0,82771.96699253313,-64991.172929903696,259.7611575195571,923.9889975110475,2.942356698767092,64.09553699217709,HIT,0.002786055369953835,232.87118595931423,295170.4137621146,-64314.80990780307,2953.6153747933467
372,high_ballistic,7,2,90000.0,20000.0,0.0,3099.5176441589424,-198.7845719291872,1329.8771018217763,98422.10848658346,19459.85620265732,4360.6662101658,2807.3694955278625,-180.04793244756476,1438.8404033885965,HIT,0.030705335629766288,168.9496374986928,564304.0558862863,-10419.029601934812,108055.55727754501
373,quasi_ballistic,9,0,85000.0,-85000.0,0.0,1550.820588643801,9.084966180684676,939.5601752662541,89652.46176593151,-84972.74510145799,2828.535525798764,1550.820588643801,9.084966180684676,946.1301752662556,HIT,0.07114071723496958,202.34802185861145,397345.95371840923,-84475.42665881614,19953.34593365735
374,supersonic_cruise,6,2,65000.0,-15000.0,0.0,1150.7416512373895,129.09842651722457,120.0,68452.22495371236,-14612.70472044831,259.7611575195571,1150.7416512373895,129.09842651722457,64.09553699217709,HIT,0.03702380370653097,223.75502291839524,322484.22332213505,13886.42140281305,2614.3833164676653
375,high_ballistic,2,1,10000.0,5000.0,0.0,2981.9262209588924,-230.67108862445923,1572.2184790715212,19629.7221536922,4255.079325326533,4337.513670618803,3209.9073845640514,-248.306891557827,1431.1228902062644,HIT,0.01830459542704209,175.0708254642965,571961.1339453694,-38471.290789604245,105362.97189371378
376,quasi_ballistic,7,2,90000.0,20000.0,0.0,1453.7751103159137,107.34554353845387,909.9762955121565,94361.32533094817,20322.036630615403,2739.783886536472,1453.7751103159137,107.34554353845387,916.546295512158,HIT,0.11203680029832536,219.3557311922639,404982.75932535104,64677.62360058907,17772.03775159197
377,supersonic_cruise,5,1,80000.0,-65000.0,0.0,936.8017020404558,144.87368273812186,120.0,82810.40510612162,-64565.37895178568,259.7611575195571,936.8017020404558,144.87368273812186,64.09553699217709,HIT,0.03157101404240585,233.35004386149464,298602.71697850846,-31193.719765976646,4062.766633644111
378,high_ballistic,6,1,65000.0,-15000.0,0.0,3022.1705833203,-166.87273364151383,1447.9256348583074,74670.91823425176,-15533.99122189865,4028.1574836516884,3223.639411417367,-177.99707396619985,1328.004161217226,HIT,0.006078931822265687,154.16884942621044,561984.7785120693,-42441.603551439264,92691.8600716343
379,quasi_ballistic,4,4,25000.0,85000.0,0.0,1507.7775630406209,-91.06068555995193,855.5695091462278,29523.332689121962,84726.8179433202,2576.5635274386855,1507.7775630406209,-91.06068555995193,862.1395091462293,HIT,0.06909164529177658,244.50690276008524,391689.30964236206,100774.56473759311,40488.84311658822
380,supersonic_cruise,3,2,45000.0,45000.0,0.0,971.672198790726,-101.48284267844605,120.0,47915.0165963723,44695.55147196486,259.7611575195571,971.672198790726,-101.48284267844605,64.09553699217709,HIT,0.0014449462753804117,258.2721374828678,295955.8557741307,18789.80930230707,3163.013143014665
381,high_ballistic,7,2,90000.0,20000.0,0.0,2542.881344096457,-205.49135570169082,1602.453389604297,97830.27783710277,19367.231816772473,4639.423096282346,2610.092612367501,-210.9227277425103,1531.759365427445,HIT,0.004409575924773284,169.5400444735539,532515.2173327857,-15759.847823432789,123695.6544779224
382,quasi_ballistic,1,1,30000.0,-35000.0,0.0,1583.9950507614951,62.49633307920955,1091.3798997048157,34751.98515228445,-34812.51100076246,3283.9946991144498,1583.9950507614951,62.49633307920955,1097.9498997048172,MISS,61.37925634022406,220.73903167669286,377780.92706789623,-33816.114283782,34509.65221592205
383,supersonic_cruise,2,2,10000.0,5000.0,0.0,1045.1205608972382,75.68814051672703,120.0,13135.361682691691,5227.064421550167,259.7611575195571,1045.1205608972382,75.68814051672703,64.09553699217709,HIT,0.032598889918862624,251.3003595444059,272639.1715145841,24020.4569621607,3003.8106791609334
384,high_ballistic,0,2,15000.0,-75000.0,0.0,3382.944653644303,423.2084105398121,1398.5941584334466,24070.836254310216,-73865.23292974394,4650.273296635105,3023.6120847700886,378.25569008527486,1535.376098878365,HIT,0.013926156577099624,172.53909897858264,536691.3040271276,-9736.105568058025,123969.67061261303
385,quasi_ballistic,7,2,90000.0,20000.0,0.0,1490.9318819884181,-140.1277498671103,995.3195835604675,94472.79564596509,19579.61675039871,2995.813750681405,1490.9318819884181,-140.1277498671103,1001.8895835604691,HIT,0.039958999028898594,202.44035692886158,387742.29884351825,46290.10857708326,17788.85577426732
386,supersonic_cruise,4,4,25000.0,85000.0,0.0,1006.0711738816833,-8.476831302718697,120.0,28018.213521645157,84974.56950609194,259.7611575195571,1006.0711738816833,-8.476831302718733,64.09553699217709,HIT,0.00045281777278762154,271.1624812302293,297808.75578719017,82701.40139094804,2454.1484918655797
387,high_ballistic,7,3,90000.0,20000.0,0.0,2598.3472222649934,201.564668875263,1534.7509813732481,97878.77345427289,20611.189431822422,4511.176174314731,2626.257818090867,203.72981060749441,1489.01039143824,HIT,0.0008601852745951931,167.7141801580777,530460.6767964178,54168.37801852605,116695.92001957248
388,quasi_ballistic,5,1,80000.0,-65000.0,0.0,1597.2250135339905,162.6823034043758,985.5533723754811,84791.6750406017,-64511.95308978669,2966.5151171264456,1597.2250135339905,162.6823034043758,992.1233723754826,HIT,0.002241155939830139,212.56971600052162,416640.377640142,-34561.75380093129,23744.562293516872
389,supersonic_cruise,3,3,45000.0,45000.0,0.0,989.3474317272985,46.61576350872625,120.0,47968.042295182095,45139.84729052623,259.7611575195571,989.3474317272985,46.61576350872625,64.09553699217709,HIT,0.0024639360246994837,265.77929987819,307948.0676516172,57389.50499044308,2519.9143626415707
390,high_ballistic,7,2,90000.0,20000.0,0.0,3182.299967589132,-100.31530044965137,1393.214904373716,98598.63371198124,19728.946192043877,4596.43524121874,2866.2112373271493,-90.3512693187327,1517.4300804062434,HIT,0.005206385745798392,164.88358186415917,562591.1749595904,5102.55932501475,121701.58755104282
391,quasi_ballistic,6,2,65000.0,-15000.0,0.0,1602.6875184083553,9.302692152035467,915.1590164917178,69808.06255522504,-14972.091923543849,2755.3320494751556,1602.6875184083553,9.302692152035467,921.7290164917193,HIT,0.08362050839048148,204.40818487473751,389846.96269302483,-43442.21753867691,30890.267908295842
392,supersonic_cruise,4,4,25000.0,85000.0,0.0,1127.3979016254068,-7.0253519732999,120.0,28382.193704876117,84978.92394407972,259.7611575195571,1127.3979016254068,-7.025351973299739,64.09553699217709,HIT,0.018204281279768048,240.64936887755573,296307.59285082924,83309.35347973638,2887.1644517782042
393,high_ballistic,6,1,65000.0,-15000.0,0.0,3108.9499099339705,-76.26021519213114,1363.9357693621394,72895.56415976901,-15193.672281423133,4789.41357967501,2631.854719923087,-64.55742714105786,1581.7561932249998,HIT,0.016794616307787204,179.5041812324076,537428.9254368268,-26588.328008030338,131166.977779213
394,quasi_ballistic,3,2,45000.0,45000.0,0.0,1635.4302808560699,-197.73036831630984,1018.2198717760241,49906.29084256827,44406.80889505122,3064.514615328075,1635.4302808560699,-197.73036831630984,1024.7898717760256,HIT,0.08946575574195202,212.20322503158906,385183.63153698435,-25825.938680333205,33455.326602491084
395,supersonic_cruise,8,3,70000.0,60000.0,0.0,908.6756122493985,-90.00501211003657,120.0,72726.02683674806,59729.98496366985,259.7611575195571,908.6756122493985,-90.00501211003657,64.09553699217709,HIT,0.011347489214101548,271.34271835764207,316562.5103380716,35577.79534102562,2153.72046478402
396,high_ballistic,2,2,10000.0,5000.0,0.0,2833.3676563962517,17.967452850759948,1611.8541458034713,18745.2591344685,5055.45698625152,4655.861940895278,2915.0863781561675,18.48566208383673,1537.2389802984226,HIT,0.0034564418954384024,180.21981887822318,535356.3389370646,8331.482594059846,123034.41033171858
397,quasi_ballistic,4,2,25000.0,85000.0,0.0,1744.7917867718754,-290.9236132558337,1000.9009276544383,30234.37536031568,84127.22916023282,3012.557782963317,1744.7917867718754,-290.9236132558337,1007.4709276544398,HIT,0.0728582520342642,224.1372896282183,417144.49531702575,36222.153982327975,30806.799676533716
398,supersonic_cruise,6,2,65000.0,-15000.0,0.0,985.4406478372757,31.491661988977743,120.0,67956.32194351172,-14905.525014033046,259.7611575195571,985.4406478372757,31.491661988977743,64.09553699217709,HIT,0.005409122969967925,250.53391540020223,311886.30363722134,-7110.270624736157,4314.944493919684
399,high_ballistic,1,0,30000.0,-35000.0,0.0,2784.0063310558735,-144.76971653334667,1541.6798428582056,38475.778215679966,-35440.74469084182,4513.361933740292,2825.259405226637,-146.9148969473458,1489.7389779134276,HIT,0.002376096080094907,174.17305538680978,522084.0627431293,-60588.616424046806,115798.9842614801
400,quasi_ballistic,9,1,85000.0,-85000.0,0.0,1659.2594637284876,279.31073077046494,1024.7074087029869,89977.77839118557,-84162.06780768844,3083.977226108963,1659.2594637284876,279.31073077046494,1031.2774087029884,HIT,0.0085981803255125,209.67832742171953,432195.7697186012,-27957.904132508156,20728.405662212557
401,supersonic_cruise,0,1,15000.0,-75000.0,0.0,1050.3298269307852,170.31952885204117,120.0,18150.989480792316,-74489.04141344363,259.7611575195571,1050.3298269307852,170.31952885204117,64.09553699217709,HIT,0.006456597427932523,248.1857866922342,275676.93419154815,-32729.1137412352,2048.0139301088534
402,high_ballistic,7,1,90000.0,20000.0,0.0,2752.8487690076645,-270.1603985477931,1609.4121180008551,99921.62587820058,19026.306700290224,3974.774277977552,3307.208626066917,-324.564433236561,1310.2097593258472,HIT,0.02163478228997636,149.58215758275176,584699.3998728156,-28549.046304715503,90637.71986044174
403,quasi_ballistic,3,3,45000.0,45000.0,0.0,1632.3891203140404,-32.00153974286717,955.0215191636869,49897.16736094211,44903.99538077123,2874.9195574910627,1632.3891203140404,-32.00153974286717,961.5915191636884,HIT,0.03316875501781995,230.44779922156707,414525.58396926854,-1643.9612522692314,41137.207802931516
404,supersonic_cruise,2,2,10000.0,5000.0,0.0,1059.0545405687956,-36.76167040402664,120.0,13177.163621706386,4889.7149887879095,259.7611575195571,1059.0545405687956,-36.76167040402664,64.09553699217709,HIT,0.0021602054303211707,248.17881475801573,272834.900566595,-4123.467790511283,2709.6221909642745
405,high_ballistic,0,2,15000.0,-75000.0,0.0,3049.218380286212,393.71343070122157,1495.05970378499,24775.3879157669,-73737.80719097267,4153.015471706901,3258.462638588953,420.7309363425106,1369.6234905689635,HIT,0.013662489776812474,161.57831707689584,541496.9085195852,-7019.004985601934,97999.17376204714
406,quasi_ballistic,7,2,90000.0,20000.0,0.0,1427.7367868243755,67.28928434251387,856.5932091390195,94283.21036047273,20201.867853027434,2579.634627417061,1427.7367868243755,67.28928434251387,863.163209139021,HIT,0.005671594683456121,220.97908164239007,400144.84463179944,62658.63512693249,17389.03939434162
407,supersonic_cruise,8,4,70000.0,60000.0,0.0,914.561985109737,0.604956254208091,120.0,72743.68595532927,60001.81486876274,259.7611575195571,914.561985109737,0.6049562542080492,64.09553699217709,HIT,0.009197359610533222,257.2902949517942,305307.922547559,60155.64935861339,2893.834921336286
408,high_ballistic,1,1,30000.0,-35000.0,0.0,2961.877800831742,69.8740020213093,1552.9450177336246,38725.10802873912,-34794.164966608514,4700.403747027928,2908.3693429130203,68.61167779722416,1552.0862490093061,HIT,0.0021838876063839585,168.77994189497173,520874.4085928361,-23419.725190459903,127201.11568611427
409,quasi_ballistic,9,0,85000.0,-85000.0,0.0,1661.9783313812234,28.47637622030046,1018.7444558096686,89985.93499414332,-84914.57087133895,3066.088367429008,1661.9783313812234,28.47637622030046,1025.31445580967,HIT,0.03890423260569156,208.88621006671443,430837.39658291335,-72236.03316224061,20622.92538764383
410,supersonic_cruise,7,2,90000.0,20000.0,0.0,899.3244722513315,-67.44461788523694,120.0,92697.9734167544,19797.6661463442,259.7611575195571,899.3244722513315,-67.44461788523694,64.09553699217709,HIT,0.003790286760699299,232.81676048867666,299377.8104258494,4297.762552029598,4435.066248844253
411,high_ballistic,5,0,80000.0,-65000.0,0.0,2922.348127717092,-3.947510889670619,1450.272565165217,88115.39937044407,-65010.96228990806,4656.031799471765,2705.1331234814475,-3.654096636082051,1537.2955998239179,HIT,0.0025120034510458166,166.93132660800478,531571.4607940789,-65609.98328281273,124852.52629157118
412,quasi_ballistic,6,2,65000.0,-15000.0,0.0,1541.1566414173449,4.508372099037593,867.9284700909149,69623.46992425238,-14986.474883702867,2613.6404102727465,1541.1566414173449,4.508372099037593,874.4984700909164,HIT,0.02087903886691309,216.88304978610768,391229.80064400716,-70358.55469942067,30713.77410503436
413,supersonic_cruise,1,1,30000.0,-35000.0,0.0,1119.3200068392848,25.571379932296903,120.0,33357.960020517785,-34923.28586020332,259.7611575195571,1119.3200068392848,25.571379932297024,64.09553699217709,HIT,0.00020086337264649937,261.7223294616346,322951.03961272864,-28307.39887669747,4193.894040502633
414,high_ballistic,3,1,45000.0,45000.0,0.0,3102.6511068247605,-423.1134758958403,1404.7335859996297,54166.3071054389,43749.976092387806,4235.1774673091895,3055.435701812994,-416.6746358708001,1397.0108224363933,HIT,0.03422164601824879,164.64830470009966,548072.3048413473,-23604.768854279522,101891.13086391872
415,quasi_ballistic,1,1,30000.0,-35000.0,0.0,1470.1713054605132,31.3582677160567,790.9828634011863,34410.513916381606,-34905.92519685204,2382.8035902035613,1470.1713054605132,31.3582677160567,797.5528634011878,HIT,0.017416194886526907,227.52493692128795,361340.2787154003,-38892.533914924425,36887.39593955354
416,supersonic_cruise,9,0,85000.0,-85000.0,0.0,1178.9845352502025,89.8345074143802,120.0,88536.95360575104,-84730.49647775653,259.7611575195571,1178.9845352502025,89.8345074143802,64.09553699217709,HIT,0.015832056394103202,232.49424227607778,359107.11553717765,-64113.99425875084,3132.588097489319
417,high_ballistic,7,2,90000.0,20000.0,0.0,2907.867075656849,-128.16156238169458,1382.031087420912,98536.15733526618,19623.7767296924,4192.991553280462,2845.3857784220577,-125.4077567692296,1382.9488510934837,HIT,0.01000298575125291,164.48540904698154,558024.4430331597,-627.7454074208363,99608.7428876307
418,quasi_ballistic,9,0,85000.0,-85000.0,0.0,1469.1392048681355,135.43383672662915,998.7050497991899,89407.41761460435,-84593.69848982024,3005.9701493975717,1469.1392048681355,135.43383672662915,1005.2750497991914,HIT,0.048302759149491246,224.26043794448245,414076.0645573443,-62419.168539419414,22141.50499918368
419,supersonic_cruise,2,2,10000.0,5000.0,0.0,1059.7638528877835,33.74863897560955,120.0,13179.291558663317,5101.245916926837,259.7611575195571,1059.7638528877835,33.74863897560955,64.09553699217709,HIT,0.011456565582968134,238.6585718502334,262921.7272902811,13054.401984398752,2148.7458662826252
420,high_ballistic,3,2,45000.0,45000.0,0.0,3173.372979430571,-398.1834284140449,1384.5708065175838,54175.356775409746,43848.709231018,4265.642318088831,3058.45225846993,-383.76358966060184,1407.165772696274,HIT,0.011540773621251095,159.33488187348675,532318.1284030562,-16146.923975770575,104373.62847174879
421,quasi_ballistic,5,2,80000.0,-65000.0,0.0,1708.5883560678278,271.63370317928593,1002.1066497718087,85125.76506820333,-64185.09889046225,3016.1749493154284,1708.5883560678278,271.63370317928593,1008.6766497718103,HIT,0.059075530828615344,197.8461424888859,414627.4596804533,-2500.343933585208,22621.098860848113
422,supersonic_cruise,3,2,45000.0,45000.0,0.0,1078.8286256229396,-158.10142527071397,120.0,48236.485876868974,44525.695724187826,259.7611575195571,1078.8286256229396,-158.10142527071397,64.09553699217709,HIT,0.03305276035242496,225.751677239565,288547.37055174715,9308.33807632327,3105.4405138003785
423,high_ballistic,6,1,65000.0,-15000.0,0.0,2882.2160155381507,-151.71003810539386,1440.9748922724852,73164.30308651034,-15429.741117834747,4534.176972664788,2721.434362170095,-143.24703927823566,1496.6773242215927,HIT,0.001509924183639631,170.12135511270577,527974.1014365668,-39369.38030315158,117666.49285839449
424,quasi_ballistic,1,1,30000.0,-35000.0,0.0,1591.7102686540336,44.19033521156301,1020.588642030077,34775.130805962086,-34867.42899436518,3071.6209260902333,1591.7102686540336,44.19033521156301,1027.1586420300785,HIT,0.033353796867431715,228.0744568385508,383887.58718207106,-89175.57679727832,36008.526951034044
425,supersonic_cruise,4,3,25000.0,85000.0,0.0,1119.2281982223503,-202.1101292426264,120.0,28357.684594667007,84393.66961227206,259.7611575195571,1119.2281982223503,-202.1101292426264,64.09553699217709,HIT,0.0013698303787202208,260.46528932406545,316520.09650833835,32357.326712648577,1620.4172610741148
426,high_ballistic,1,2,30000.0,-35000.0,0.0,3382.530918706089,134.88331612778862,1348.948926594133,38462.07040717498,-34662.5626948406,4808.775277385189,2820.6901357249735,112.47910171980469,1588.2100924617264,HIT,0.004610191679542697,176.09175885747348,526700.2870322317,-15193.357054061533,132757.35145958548
427,quasi_ballistic,2,2,10000.0,5000.0,0.0,1584.9333565095505,19.799956367875602,1020.6276946083864,14754.80006952861,5059.399869103636,3071.738083825161,1584.9333565095505,19.799956367875602,1027.1976946083878,HIT,0.01599007865180949,216.93085429728384,351684.4968564305,-6317.772517764999,36904.306151549536
428,supersonic_cruise,7,2,90000.0,20000.0,0.0,1089.0860223552083,11.642664420106142,120.0,93267.25806706556,20034.927993260426,259.7611575195571,1089.0860223552083,11.642664420106081,64.09553699217709,HIT,0.00016212751333987986,240.4635638152842,351885.5062426779,22799.636578514248,2253.240391856355
429,high_ballistic,1,2,30000.0,-35000.0,0.0,2986.2949135918184,174.62207352926026,1459.1102114303,38590.31930041099,-34497.685455750034,4520.99387941287,2863.4397668037095,167.43818141658278,1492.2829598042865,HIT,0.008136161922682569,176.49130379951538,535372.2175210335,-5448.6174639852925,115782.38723655991
430,quasi_ballistic,3,3,45000.0,45000.0,0.0,1602.5885728813007,8.768093063215115,1043.5259728570356,49807.76571864408,45026.30427918979,3140.4329185711094,1602.5885728813007,8.768093063215115,1050.0959728570372,HIT,0.02720712416468457,228.04354575965903,406465.45537635137,85842.41398519937,35911.17772826458
431,supersonic_cruise,3,2,45000.0,45000.0,0.0,919.0072379032898,-45.3254494360253,120.0,47757.02171370984,44864.02365169182,259.7611575195571,919.0072379032898,-45.3254494360253,64.09553699217709,HIT,0.0038541194474848734,238.1167810387018,263831.04534305586,34207.24987655441,1769.632479549252
432,high_ballistic,3,3,45000.0,45000.0,0.0,2984.716960657855,-13.041321215202473,1568.0156734176103,54835.848640481854,44957.02357602568,4238.225369332765,3278.6162134939877,-14.325474658113597,1398.0267897775848,HIT,0.02119659407116154,157.3408153356085,560860.146137538,42746.01836378525,103168.40542745235
433,quasi_ballistic,3,2,45000.0,45000.0,0.0,1425.4300628204442,-122.7171462611643,822.8129139494115,49276.290188461135,44631.84856121661,2478.2937418482375,1425.4300628204442,-122.7171462611643,829.382913949413,HIT,0.04469153367421182,221.36550397895255,358888.5041771551,61591.080987056965,32614.69097809684
434,supersonic_cruise,0,0,15000.0,-75000.0,0.0,995.4109025465909,89.11476612787229,120.0,17986.23270763972,-74732.65570161631,259.7611575195571,995.4109025465909,89.11476612787229,64.09553699217709,HIT,0.004220422714265127,242.68347068208908,256569.77246824664,-53373.319262629826,1903.7266943280413
435,high_ballistic,3,2,45000.0,45000.0,0.0,3165.7850561802784,-286.1621584474341,1424.6386899329243,54448.27687374884,44145.94981787464,4251.97157424971,3149.425624582977,-284.683394041835,1402.6088580832331,HIT,0.0039237712160462915,153.92707561407383,529781.8760451102,1179.5182490037123,104212.7227538675
436,quasi_ballistic,5,1,80000.0,-65000.0,0.0,1644.034158239925,241.3872972168375,1110.9257866213593,84932.10247471987,-64275.83810834942,3342.6323598640797,1644.034158239925,241.3872972168375,1117.4957866213608,HIT,0.023155931278546663,210.8833273238924,428039.66291126003,-37079.73185571609,25276.37656889251
437,supersonic_cruise,8,3,70000.0,60000.0,0.0,937.5175890186754,-68.60622715004119,120.0,72812.55276705604,59794.18131854996,259.7611575195571,937.5175890186754,-68.60622715004119,64.09553699217709,HIT,0.01205590394486285,256.84403509262864,310795.80019084946,42378.899783666726,1743.1098132115076
438,high_ballistic,3,3,45000.0,45000.0,0.0,3125.2908754733126,38.482310501097736,1433.337444702695,53748.728512053494,45107.724784829625,4564.109545913344,2916.242837351151,35.90826160990645,1506.6548486377778,HIT,0.0037231401319863426,177.06596227977454,561367.3440138611,51358.13075237101,118205.0436942575
439,quasi_ballistic,2,2,10000.0,5000.0,0.0,1671.734818131132,68.44352355697082,921.2189291142367,15015.204454393352,5205.330570670885,2773.511787342713,1671.734818131132,68.44352355697082,927.7889291142383,HIT,0.0066218618311974,223.76480218754483,381271.52340653876,45378.19826343069,36871.71219432447
440,supersonic_cruise,8,3,70000.0,60000.0,0.0,1075.3656492871132,-88.00547720602563,120.0,73226.09694786137,59735.983568381926,259.7611575195571,1075.3656492871132,-88.00547720602563,64.09553699217709,HIT,0.012546657061313457,229.34427079549707,316628.95016978856,39816.44799976182,4049.871738500938
441,high_ballistic,8,2,70000.0,60000.0,0.0,3016.9204788863494,-502.7047885005607,1363.4263156127465,78787.08128384897,58535.822250122874,4168.8738354199295,2929.0270946163387,-488.0592499590993,1374.9096118066395,HIT,0.0066358365380428715,161.57530813068584,543258.4548854501,-18858.32207978554,98853.8356317971
442,quasi_ballistic,5,0,80000.0,-65000.0,0.0,1527.5407583467095,41.889585144513454,961.9391248568471,84582.6222750402,-64874.33124456642,2895.6723745705435,1527.5407583467095,41.889585144513454,968.5091248568486,HIT,0.014998609528864138,208.48471505954643,397559.23400871345,-79193.73045846506,23765.47635597118
443,supersonic_cruise,6,2,65000.0,-15000.0,0.0,955.034556871115,9.467196245809992,120.0,67865.10367061332,-14971.59841126253,259.7611575195571,955.034556871115,9.467196245809992,64.09553699217709,HIT,0.005827409869187326,230.28638769395812,284931.4580020542,-12819.833581413415,3605.2119164591477
444,high_ballistic,8,4,70000.0,60000.0,0.0,3190.486997605143,-0.07985801723155798,1425.950264530441,78484.87470434746,59999.787623246375,4781.5340383675775,2828.2915681157488,-0.07079225113658037,1579.1296794558555,HIT,0.0010605885188245518,162.86923420106578,530641.6817126411,59988.47022344687,131872.9550491447
445,quasi_ballistic,9,1,85000.0,-85000.0,0.0,1503.9204046173625,286.74266254873913,843.182475328701,89511.76121385215,-84139.77201235364,2539.4024259861058,1503.9204046173625,286.74266254873913,849.7524753287026,HIT,0.010206720662127225,227.63165787528035,420366.3005915283,-4682.909361420448,19962.18043096743
446,supersonic_cruise,2,2,10000.0,5000.0,0.0,1026.9899328307097,90.89471784181464,120.0,13080.969798492079,5272.684153525461,259.7611575195571,1026.9899328307097,90.89471784181464,64.09553699217709,HIT,0.03206368343684882,241.6000743832013,258120.84313733297,26960.170629831253,2564.1696712196645
447,high_ballistic,4,3,25000.0,85000.0,0.0,3342.018395342598,-212.0311560653034,1349.0926319406212,33844.929110418496,84438.84194437414,4543.594599733295,2948.3097034728066,-187.05268520875606,1499.816533244428,HIT,0.020014494615599194,174.6075669801066,539797.1820208227,52339.186729457935,117475.35551613815
448,quasi_ballistic,8,2,70000.0,60000.0,0.0,1613.949685959611,-195.5562986956291,892.9700855191214,74841.84905787901,59413.331103913224,2688.7652565573667,1613.949685959611,-195.5562986956291,899.540085519123,HIT,0.11967150830664909,203.4505288889466,392704.2485324041,-2294.393024209603,27353.57826193999
449,supersonic_cruise,5,0,80000.0,-65000.0,0.0,1068.2873193485652,96.27368362104558,120.0,83204.8619580458,-64711.178949136665,259.7611575195571,1068.2873193485652,96.27368362104558,64.09553699217709,HIT,0.0331471591243229,224.45175753133697,319778.9650025452,-43391.20243403851,4115.722667449361
450,high_ballistic,8,2,70000.0,60000.0,0.0,3100.699987152335,-344.64936709865384,1375.6704487635147,78453.06271709967,59060.42418564699,4497.3890415733795,2817.6875723664757,-313.1919381177261,1484.4146805244566,HIT,0.006156598349526287,171.1291482766945,552188.4740616718,6403.731245774916,115419.12357008358
451,quasi_ballistic,9,0,85000.0,-85000.0,0.0,1486.3646821013335,147.34184239490156,869.5019576206107,89459.09404630424,-84557.97447281511,2618.360872861834,1486.3646821013335,147.34184239490156,876.0719576206122,HIT,0.06640281664304443,217.2899668719398,402297.32600663835,-36087.00318874502,20012.840370532074
452,supersonic_cruise,9,0,85000.0,-85000.0,0.0,1012.5574691426347,59.42014127970595,120.0,88037.67240742833,-84821.73957616091,259.7611575195571,1012.5574691426347,59.42014127970595,64.09553699217709,MISS,77.96948302458941,238.62534857169595,326621.87901864154,-70820.84807493788,3310.0025344794585
453,high_ballistic,9,2,85000.0,-85000.0,0.0,3289.1057138964443,609.7397473633225,1336.1445291103782,93363.82380573137,-83449.50078899856,4684.850536765436,2787.9412685770903,516.8330703339312,1546.9018455884752,HIT,0.0022408884782016284,156.2086171553207,520500.45023125416,-4266.221398945578,126549.06625552668
454,quasi_ballistic,4,4,25000.0,85000.0,0.0,1579.1191698450016,-101.5322831318634,854.9457729801178,29737.357509534995,84695.4031506041,2574.6923189403556,1579.1191698450016,-101.5322831318634,861.5157729801193,MISS,73.0798337664896,232.95393441444796,389198.56236213277,108402.20295304706,37193.51653702633
455,supersonic_cruise,3,2,45000.0,45000.0,0.0,1040.8490427130275,-103.96708058984312,120.0,48122.54712813927,44688.098758230626,259.7611575195571,1040.8490427130275,-103.96708058984312,64.09553699217709,MISS,34.59361079923029,244.69944235432848,299695.17982608126,19559.31336709293,1704.318174383744
456,high_ballistic,6,1,65000.0,-15000.0,0.0,2884.926165142658,-113.76007059216451,1522.5593853723217,74772.02025265057,-15385.335932406706,4001.3073893228225,3257.3400842169262,-128.44531080221975,1319.054129774271,HIT,0.013223902254709131,155.4297906833696,571287.6865089003,-34964.22712119081,91097.56761701594
457,quasi_ballistic,9,1,85000.0,-85000.0,0.0,1578.8371784615179,272.77470383843496,948.1834980422606,89736.51153538463,-84181.67588848446,2854.405494126784,1578.8371784615179,272.77470383843496,954.7534980422621,HIT,0.00973277961846445,205.32563382545897,402842.6067432255,-6096.775997311817,20044.021373237032
458,supersonic_cruise,5,0,80000.0,-65000.0,0.0,1008.4572897870983,71.76235450564886,120.0,83025.37186936155,-64784.71293648312,259.7611575195571,1008.4572897870983,71.76235450564886,64.09553699217709,HIT,0.03295682906952141,252.65037834224935,334787.1142551117,-46869.21391160527,4017.4234191667992
459,high_ballistic,2,2,10000.0,5000.0,0.0,2966.9091680504494,16.437377864855627,1616.5393567480635,20710.471426328586,5059.3385425618,3986.0351129260125,3570.1571421095264,19.77951418726058,1313.9633709753343,HIT,0.029721614638362804,159.37160184637943,578981.6606429117,8152.292283322308,89515.16728830655
460,quasi_ballistic,7,2,90000.0,20000.0,0.0,1505.662396743292,-50.25082231951046,945.9241197274108,94516.98719023028,19849.24753304149,2847.6273591822346,1505.662396743292,-50.25082231951046,952.4941197274123,HIT,0.027079634733577634,196.9920490522855,385785.71597122354,19952.14845390115,17013.053517481643
461,supersonic_cruise,8,2,70000.0,60000.0,0.0,1085.6994583924,-178.7181344479837,120.0,73257.09837517701,59463.84559665603,259.7611575195571,1085.6994583924,-178.7181344479837,64.09553699217709,HIT,0.003776270765491103,247.31113438221,338505.5644808559,15801.015439650724,3686.356786518448
462,high_ballistic,8,2,70000.0,60000.0,0.0,2622.572292807229,-283.72475740841884,1562.7144023908008,78146.94506700645,59118.617237322615,4483.316905801573,2715.648355668704,-293.79425422584893,1479.723968600521,MISS,84.24166479896253,171.34016665688532,535299.641191253,9661.244601697988,114580.39943316983
463,quasi_ballistic,2,2,10000.0,5000.0,0.0,1775.0046799518393,7.151159969883218,975.9571352059518,15325.01403985556,5021.453479909669,2937.7264056178583,1775.0046799518393,7.151159969883218,982.5271352059533,HIT,0.003955233482355416,211.96991362547647,381990.5010203195,-33877.18759677607,35884.90055514849
464,supersonic_cruise,1,2,30000.0,-35000.0,0.0,1022.1545959247777,96.98018656042666,120.0,33066.46378777441,-34709.059440318815,259.7611575195571,1022.1545959247777,96.98018656042666,64.09553699217709,HIT,0.0022360278220869305,255.41130309721476,291069.8372180684,-10230.164178444304,3383.23513062908
465,high_ballistic,7,2,90000.0,20000.0,0.0,2570.926378333129,-109.67792968419035,1621.5643768417272,98712.06239302555,19628.335928014494,4262.5624112471205,2904.0207976751008,-123.8880239952034,1406.1391370823699,HIT,0.0074690433930172575,165.21948760667772,569800.8275212423,-468.71537556633166,103289.86784730326
466,quasi_ballistic,0,1,15000.0,-75000.0,0.0,1732.8826490362087,232.21129313083608,946.0243624520773,20198.647947108577,-74303.36612060753,2847.9280873562343,1732.8826490362087,232.21129313083608,952.5943624520788,HIT,0.007740116540395634,219.87616048096473,390890.8602310878,-229.3761704529873,38304.603505569365
467,supersonic_cruise,5,1,80000.0,-65000.0,0.0,1116.5367485891356,120.1876493442015,120.0,83349.6102457674,-64639.43705196754,259.7611575195571,1116.5367485891356,120.1876493442015,64.09553699217709,HIT,0.0053597487712880995,232.18300184347572,339240.8537109658,-37094.47079232312,4482.242295290121
468,high_ballistic,8,2,70000.0,60000.0,0.0,2718.5337386699466,-274.84967418305047,1535.139564183226,78677.47898271744,59122.68800007718,4284.296286230583,2892.492994239161,-292.4373333076038,1413.383762076858,HIT,0.0035611972211504967,163.51556579436672,542967.6282768066,12181.944368237419,104775.8575927164
469,quasi_ballistic,6,2,65000.0,-15000.0,0.0,1491.1193084748897,74.71834860456869,869.1180208063284,69473.35792542464,-14775.84495418625,2617.2090624189877,1491.1193084748897,74.71834860456869,875.68802080633,MISS,64.8740546105241,221.38583404191272,394801.483568958,-11263.962761805496,31842.69787594781
470,supersonic_cruise,8,3,70000.0,60000.0,0.0,953.4296965944455,-79.868478426718,120.0,72860.28908978362,59760.394564720045,259.7611575195571,953.4296965944455,-79.868478426718,64.09553699217709,HIT,0.0010154292782045976,259.5274482174326,317441.17617137195,39271.93760050944,3039.5247407500756
471,high_ballistic,8,2,70000.0,60000.0,0.0,2849.149222225519,-310.92638886004715,1460.3620668442118,79186.12081338157,58997.52271665653,4032.3423207088626,3062.040271127328,-334.15909444784444,1329.399106902951,HIT,0.006532094114581392,152.23075223160797,536136.6933809149,9130.710500563817,93186.1244246219
472,quasi_ballistic,1,1,30000.0,-35000.0,0.0,1609.0761981781684,-39.39686595945141,879.016329843956,34827.22859453456,-35118.190597878274,2646.90398953187,1609.0761981781684,-39.39686595945141,885.5863298439575,HIT,0.026001436224102312,224.34572264258196,387545.7753585427,-5735.4225190187035,37508.17075214459
473,supersonic_cruise,0,0,15000.0,-75000.0,0.0,1153.4703520206447,105.56550899264874,120.0,18460.41105606196,-74683.30347302224,259.7611575195571,1153.4703520206447,105.56550899264874,64.09553699217709,HIT,0.035758548604920726,238.20400055469443,289761.2510311031,-49853.873385482424,3290.8178414360145
474,high_ballistic,2,1,10000.0,5000.0,0.0,2832.5461648898886,-194.9556650170466,1569.681870274247,18813.83687920861,4393.37001760583,4495.962538191177,2937.9456264028745,-202.20999413139717,1483.9391793970556,HIT,0.021782175445494267,178.9998287024791,535891.7624856401,-31195.552733010685,113732.04253855624
475,quasi_ballistic,5,0,80000.0,-65000.0,0.0,1470.0671117341935,-17.203905997377984,821.743496549395,84410.20133520273,-65051.611717992346,2475.085489648187,1470.0671117341935,-17.203905997377984,828.3134965493965,MISS,61.51910516815195,217.06101259809532,397146.050247989,-75744.98268924191,22228.594923265948
476,supersonic_cruise,8,3,70000.0,60000.0,0.0,970.9744564052565,-109.58958522382035,120.0,72912.92336921615,59671.23124432837,259.7611575195571,970.9744564052565,-109.58958522382035,64.09553699217709,HIT,0.010861464051596423,245.9427290979088,308804.1073288063,33047.23832111312,2498.3371883599366
477,high_ballistic,3,3,45000.0,45000.0,0.0,3295.2911354890257,-18.541183186299335,1421.051584428668,55009.479052261304,44943.68097473751,4166.3646562086105,3336.4930174204096,-18.77300842088417,1374.0732187362003,HIT,0.005324693184490695,155.21427959467482,562871.359715576,42086.16111845353,99675.07158736562
478,quasi_ballistic,4,4,25000.0,85000.0,0.0,1444.7796789511594,-20.50501991405302,816.3741471383165,29334.33903685349,84938.48494025762,2458.9774414149515,1444.7796789511594,-20.50501991405302,822.944147138318,HIT,0.0012183669250416759,245.71910191965088,379044.40126774675,83507.06473132333,34995.15290803187
479,supersonic_cruise,6,2,65000.0,-15000.0,0.0,921.5046195351582,71.57641647499952,120.0,67764.51385860535,-14785.270750575,259.7611575195571,921.5046195351582,71.57641647499952,64.09553699217709,HIT,0.0025323677126326727,258.7697016759841,303457.4755860941,3521.807938330893,2657.8197953560193
480,high_ballistic,6,2,65000.0,-15000.0,0.0,2679.7200373364303,145.05789615775385,1552.3232984276585,73392.28835751594,-14545.710866758855,4416.870283329434,2797.4294525053606,151.4297110803815,1457.5750944431409,HIT,0.0024438255664469884,165.4268017863063,527769.8074169324,10050.53255300243,111760.14052133355
481,quasi_ballistic,1,1,30000.0,-35000.0,0.0,1630.5653131167853,2.541007441455641,971.5489898170545,34891.69593935034,-34992.376977675594,2924.5019694511657,1630.5653131167853,2.541007441455641,978.118989817056,HIT,0.021774065391960622,215.3602002829199,378678.54899137426,-5003.794885562154,30081.771276038446
482,supersonic_cruise,6,1,65000.0,-15000.0,0.0,1089.1502835047343,-58.824760307168255,120.0,68267.4508505145,-15176.474280921539,259.7611575195571,1089.1502835047343,-58.824760307168255,64.09553699217709,HIT,0.000929911177071026,227.76302462059704,313068.1628723184,-28398.10533048037,3424.7061636989433
483,high_ballistic,1,2,30000.0,-35000.0,0.0,2775.7907904604463,278.8698961963972,1593.3514770553725,38353.93596900918,-34160.72159886302,4720.709955970223,2784.6453230030793,279.759467045727,1558.8549853234047,HIT,0.006391819158637674,179.9276493228578,531034.6866977413,15336.462377742791,126982.12179324438
484,quasi_ballistic,8,2,70000.0,60000.0,0.0,1694.5633104947362,-243.64631258591302,1000.29052487432,75083.68993148411,59269.061062242254,3010.7265746229623,1694.5633104947362,-243.64631258591302,1006.8605248743215,HIT,0.02479774312873513,211.76959278050927,419386.5317109724,-24838.784085203577,29149.539366226996
485,supersonic_cruise,5,0,80000.0,-65000.0,0.0,922.3511581611547,62.02153909911324,120.0,82767.05347448355,-64813.935382702766,259.7611575195571,922.3511581611547,62.02153909911324,64.09553699217709,HIT,0.003414603306503264,231.06481453222213,293122.89942558645,-50669.00457661794,3547.9595173540406
486,high_ballistic,6,2,65000.0,-15000.0,0.0,2673.8283791836075,163.63652919779773,1555.9216360048144,72836.38330311573,-14520.418522307336,4733.8763635455225,2612.1277677052904,159.86049256422132,1563.243787848504,HIT,0.0006076197147928568,170.3704466388007,510029.37443317374,12235.503427328178,128971.57994862684
487,quasi_ballistic,7,2,90000.0,20000.0,0.0,1519.2560435541527,106.32627938119286,830.93991884886,94557.76813066215,20318.97883814352,2502.674756546582,1519.2560435541527,106.32627938119286,837.5099188488615,HIT,0.012854006910649043,205.08523532529242,397161.1569921949,64460.58662547289,16149.180377361958
488,supersonic_cruise,0,1,15000.0,-75000.0,0.0,1128.91299704081,162.67341905158787,120.0,18386.738991122475,-74511.97974284529,259.7611575195571,1128.91299704081,162.67341905158787,64.09553699217709,HIT,0.010595288033061978,245.89018125392602,292588.6210328881,-35000.20350517473,3628.1611852608517
489,high_ballistic,0,0,15000.0,-75000.0,0.0,2956.775429352539,32.50762408324966,1518.598805182331,24961.979718966744,-74890.47518164065,4012.4182382211616,3320.65990632223,36.508272786438766,1322.757746073717,HIT,0.05448336933620599,163.84484837232748,559073.014495236,-69018.30924719604,89873.64900364607
490,quasi_ballistic,1,1,30000.0,-35000.0,0.0,1438.1069949125351,-9.708231743126676,991.8990075066555,34314.32098473757,-35029.1246952294,2985.552022519969,1438.1069949125351,-9.708231743126676,998.469007506657,HIT,0.05188860018198201,242.69125784934806,375642.7856866849,-50585.03273350498,33579.26144173926
491,supersonic_cruise,0,0,15000.0,-75000.0,0.0,1052.3555410159536,36.64748730431782,120.0,18157.066623047842,-74890.05753808713,259.7611575195571,1052.3555410159536,36.64748730431782,64.09553699217709,HIT,0.0002578952470955883,269.52293193538316,298633.95086166356,-65122.66177386293,2014.7892298561699
492,high_ballistic,7,2,90000.0,20000.0,0.0,2832.964137578572,-82.28360030811862,1471.129937689106,98470.06509450293,19753.98649013063,4384.265499592004,2823.355031500852,-82.00450328979446,1446.706833197331,HIT,0.002480312416683534,156.91245915461508,533019.5808616949,7132.471811699599,110855.70772332193
493,quasi_ballistic,5,1,80000.0,-65000.0,0.0,1615.2047101497985,235.95108016172665,978.2091408531859,84845.61413044954,-64292.146759514726,2944.4824225595603,1615.2047101497985,235.95108016172665,984.7791408531874,HIT,0.0405259091043811,208.36239518482466,417704.09763050184,-33110.78973633787,23346.42804091423
494,supersonic_cruise,6,2,65000.0,-15000.0,0.0,900.0514198603597,-27.67146640473272,120.0,67700.15425958118,-15083.014399214153,259.7611575195571,900.0514198603597,-27.67146640473272,64.09553699217709,HIT,0.0031466034747587475,235.43273993005985,276901.5717524815,-21514.76915816016,2629.2433176524178
495,high_ballistic,5,2,80000.0,-65000.0,0.0,3206.4682816555132,385.08127585483277,1383.4606992957476,88581.30607553176,-63969.42679552696,4608.31760994201,2860.4353585105246,343.5244014909761,1521.3908699806666,HIT,0.00942672003629278,167.2488456930733,558404.5116615607,-7545.941596620807,122169.49146087548
496,quasi_ballistic,0,0,15000.0,-75000.0,0.0,1531.5233678855977,64.72970789991429,832.673681403495,19594.570103656806,-74805.8108763001,2507.876044210488,1531.5233678855977,64.72970789991429,839.2436814034966,HIT,0.0012824607079551093,223.8224865600711,351182.0243624724,-26074.082881305687,38928.34260295331
497,supersonic_cruise,1,1,30000.0,-35000.0,0.0,911.0400762416095,-21.670602333503968,120.0,32733.120228724874,-35065.01180700041,259.7611575195571,911.0400762416095,-21.670602333503968,64.09553699217709,HIT,0.0019074023674021535,265.0725874645002,271491.7503625385,-40744.28263177459,2675.4336350282183
498,high_ballistic,1,0,30000.0,-35000.0,0.0,2996.0255257850904,-166.66958386276042,1566.1216696010615,39506.65753953159,-35528.85752888367,4397.927759209794,3168.885846510509,-176.285842961267,1451.2609197365946,HIT,0.04349942207018784,166.5026017728764,557627.7334819011,-64352.05027527917,110557.0258664971
499,quasi_ballistic,7,2,90000.0,20000.0,0.0,1713.2659138765455,63.07612977920749,1021.618046817303,95139.79774162959,20189.22838933766,3074.7091404519115,1713.2659138765455,63.07612977920749,1028.1880468173044,HIT,0.06399319796682673,190.4476102134043,413362.7986633113,56661.68499416899,16704.24837128244
500,supersonic_cruise,7,2,90000.0,20000.0,0.0,1138.2456488686719,-62.892842219534266,120.0,93414.73694660584,19811.32147334145,259.7611575195571,1138.2456488686719,-62.892842219534266,64.09553699217709,HIT,0.019912233092755863,232.9490007744593,355153.18600523437,5349.1752487739595,1501.7838747502665
501,high_ballistic,8,2,70000.0,60000.0,0.0,2908.993798666801,-253.50264986317922,1448.6323787139831,78521.36343683116,59257.41051332792,4406.617338349975,2840.454478943833,-247.52982889066456,1454.1574461166551,HIT,0.01712103127375367,161.80181601760975,529590.6913221659,19949.225132386535,111635.096651186
502,quasi_ballistic,1,1,30000.0,-35000.0,0.0,1578.8790290261798,10.059332628734307,1103.7794173568739,34736.63708707855,-34969.8220021138,3321.193252070624,1578.8790290261798,10.059332628734307,1110.3494173568754,HIT,0.02532788502167611,215.22335269112895,367315.1101569963,-7984.459455714097,33775.54313744802
503,supersonic_cruise,8,4,70000.0,60000.0,0.0,955.0094886994566,15.627508464951733,120.0,72865.0284660983,60046.8825253949,259.7611575195571,955.0094886994566,15.627508464951733,64.09553699217709,HIT,0.0001821566956341193,231.77728519703157,291349.5066209212,63622.10148615514,3963.750372893057
504,high_ballistic,5,1,80000.0,-65000.0,0.0,2576.327046513824,210.54364557593718,1563.6946164041408,87659.89407160174,-64374.015024706314,4689.249255279444,2553.298023867359,208.6616584312544,1548.3680850931448,HIT,0.004287519604006682,172.03929571801768,519267.59341358475,-29101.995733387303,126267.44894675909
505,quasi_ballistic,4,3,25000.0,85000.0,0.0,1530.2308301719088,-208.3159374204763,918.9072271672677,29590.692490515794,84375.05218773877,2766.576681501805,1530.2308301719088,-208.3159374204763,925.4772271672692,HIT,0.010229368440082874,240.58137282898073,394973.64128162124,68165.83532436809,36534.6594023937
506,supersonic_cruise,5,0,80000.0,-65000.0,0.0,1090.705261243786,60.377714140481714,120.0,83272.11578373157,-64818.86685757854,259.7611575195571,1090.705261243786,60.377714140481714,64.09553699217709,HIT,0.01930418582807072,241.04929476840334,342913.73343395675,-50445.99456058636,1854.6576021490748
507,high_ballistic,6,2,65000.0,-15000.0,0.0,2718.173726100939,314.185055353693,1553.857843139774,74270.73816654246,-13928.424862599568,4056.1649631322643,3090.2460555142343,357.1917124668052,1337.3399877107513,HIT,0.008621935073984741,157.82050454490266,552704.1907476294,41372.17457140359,93533.97130628518
508,quasi_ballistic,1,1,30000.0,-35000.0,0.0,1747.1083619841736,-65.4223332322921,1036.9005624407087,35241.32508595241,-35196.26699969682,3120.5566873221283,1747.1083619841736,-65.4223332322921,1043.4705624407102,HIT,0.050416493168331064,222.963956432319,417941.73147580284,-14539.182959300666,39302.8068689016
509,supersonic_cruise,6,2,65000.0,-15000.0,0.0,1098.4059567725506,88.96370006268353,120.0,68295.21787031787,-14733.108899811996,259.7611575195571,1098.4059567725506,88.96370006268353,64.09553699217709,HIT,0.00578319321611057,229.2840850661008,316847.0045760389,5397.960572796549,4272.2160860940585
510,high_ballistic,9,2,85000.0,-85000.0,0.0,2958.242572074944,478.88469329704276,1450.2333719986968,94157.08555651654,-83517.63741431438,4172.40170212561,3052.3618521722688,494.1208618953236,1376.0855673752,HIT,0.008068655627709554,159.97263306726012,573294.3622342804,-5954.186047015413,99318.98388386192
511,quasi_ballistic,7,2,90000.0,20000.0,0.0,1632.1194290568092,-28.757029171902218,1059.6159590182228,94896.3582871703,19913.728912484294,3188.702877054671,1632.1194290568092,-28.757029171902218,1066.1859590182244,HIT,0.0646525808027521,205.08997035232053,422158.7978992151,45444.231887245915,17950.588391934165
512,supersonic_cruise,8,2,70000.0,60000.0,0.0,1085.9753210102438,-175.80537496433502,120.0,73257.92596303101,59472.58387510679,259.7611575195571,1085.9753210102438,-175.80537496433502,64.09553699217709,HIT,0.010430470492632675,242.13915305020294,332957.14409124386,17430.63541279351,2448.2987326667753
513,high_ballistic,7,2,90000.0,20000.0,0.0,2902.8351058165936,-42.22951324062466,1403.6661921425787,98681.41020405834,19873.70563128956,4179.996312600402,2893.803401352843,-42.09812290347698,1378.6171042001304,HIT,0.0027034650465741048,154.56357036339574,537276.5854278281,13493.163792307518,100452.84372707353
514,quasi_ballistic,3,2,45000.0,45000.0,0.0,1754.04382990292,-196.01442544184496,996.1518664812987,50262.131489708845,44411.95672367452,2998.3105994438984,1754.04382990292,-196.01442544184496,1002.7218664813003,HIT,0.051941453657870375,205.5108798765104,406428.140359362,34336.779119822866,38898.78533353951
515,supersonic_cruise,3,2,45000.0,45000.0,0.0,1004.672225057022,-80.64675433360497,120.0,48014.016675171006,44758.059736999276,259.7611575195571,1004.672225057022,-80.64675433360497,64.09553699217709,HIT,0.004701649799383917,238.3600432919225,284473.71486635774,25777.036152047393,3779.4686323598344
516,high_ballistic,8,2,70000.0,60000.0,0.0,3020.290412018138,-210.87995738613267,1398.9345099004067,78553.42648987105,59402.79047123695,4401.6401401040675,2851.14216329036,-199.0698429210742,1452.4983800346856,HIT,0.00326821748750697,158.38662339434416,521582.7798781233,28469.999820078978,111669.22871099439
517,quasi_ballistic,0,0,15000.0,-75000.0,0.0,1470.6480667248522,115.5473258056527,1008.82346868918,19411.94420017451,-74653.35802258342,3036.3254060675426,1470.6480667248522,115.5473258056527,1015.3934686891815,HIT,0.05129724856978317,238.35988943319143,356831.0091465524,-2487.3056453235595,36827.45807166405
518,supersonic_cruise,2,2,10000.0,5000.0,0.0,1073.1668710648084,51.48973944966553,120.0,13219.500613194468,5154.469218348986,259.7611575195571,1073.1668710648084,51.48973944966553,64.09553699217709,MISS,22.190277290241834,242.96510157667055,270742.0979134772,17510.209773929368,2517.6620487467244
519,high_ballistic,9,1,85000.0,-85000.0,0.0,2816.97495791875,253.38555645142148,1520.6891502661692,94181.1681773077,-84174.15829312173,4155.068929115849,3060.389392435989,275.2805689594587,1370.3079763719463,HIT,0.02444298239408561,160.38995314653906,575855.7090935986,-40847.76439462106,98323.11181519885
520,quasi_ballistic,6,1,65000.0,-15000.0,0.0,1571.853026315088,-124.8342866656662,864.808435736757,69715.55907894562,-15374.502859997046,2604.2803072102733,1571.853026315088,-124.8342866656662,871.3784357367585,HIT,0.005663923399778181,209.4236410588439,388015.57529609994,-76373.22693713404,30190.152407926143
521,supersonic_cruise,0,0,15000.0,-75000.0,0.0,1029.0305441834146,32.72206339258874,120.0,18087.09163255022,-74901.83380982227,259.7611575195571,1029.0305441834146,32.72206339258874,64.09553699217709,HIT,0.02420870519200292,271.8071775632802,294697.8870460986,-66105.9082935981,1870.3375192067076
522,high_ballistic,6,1,65000.0,-15000.0,0.0,2756.449721678739,-158.02889513774818,1554.8404310593996,73667.53910592874,-15496.915150565073,4406.086465889973,2889.1797019763058,-165.6383835217065,1453.9804886299876,HIT,0.014193879991677445,165.44235501982408,542992.692508697,-42403.60314955264,111163.33760289445
523,quasi_ballistic,3,2,45000.0,45000.0,0.0,1709.6535949696306,-151.18294908916528,1056.2922841727252,50128.960784908704,44546.451152732625,3178.7318525181786,1709.6535949696306,-151.18294908916528,1062.8622841727267,HIT,0.06653033312863153,203.70145867926405,385416.30924006674,-24925.035074373554,35967.02796706665
524,supersonic_cruise,7,2,90000.0,20000.0,0.0,997.2995503110842,50.971632347648864,120.0,92991.898650933,20152.914897042938,259.7611575195571,997.2995503110842,50.971632347648864,64.09553699217709,HIT,0.0004043592046816616,223.0755586132157,312473.1543071084,31370.525358612955,4108.949255919423
525,high_ballistic,9,2,85000.0,-85000.0,0.0,3187.881444131728,491.3645878917087,1367.830091979831,93773.34675578633,-83647.71887266281,4428.985107919538,2924.4489185955454,450.7603757791049,1461.6133693065092,HIT,0.0041545330299414505,164.36994582787014,565691.5101688453,-10908.542078697637,112561.98682188024
526,quasi_ballistic,8,4,70000.0,60000.0,0.0,1636.435422812865,8.1792443541417,985.1399537592739,74909.30626843881,60024.537733062316,2965.274861277824,1636.435422812865,8.1792443541417,991.7099537592754,MISS,66.69049793445221,210.14668516831603,410733.41922781494,25155.473164451625,29394.03372129868
527,supersonic_cruise,0,0,15000.0,-75000.0,0.0,1030.3808895828288,140.08182959674184,120.0,18091.142668748435,-74579.7545112102,259.7611575195571,1030.3808895828288,140.08182959674184,64.09553699217709,HIT,0.0005213448786400149,247.47466741520884,269993.1679745675,-40333.2958105459,1671.9311903233138
528,high_ballistic,2,2,10000.0,5000.0,0.0,3185.0488102555673,136.83055537890053,1512.6886367772784,19497.308980011367,5408.006953662898,4521.5571770012475,3165.769660003774,136.00231788762815,1492.470725667079,HIT,0.03224933631413814,171.83979854469973,554005.2180945459,28370.607192431613,116683.80259524405
529,quasi_ballistic,8,2,70000.0,60000.0,0.0,1417.5981194447008,-162.2500729893049,930.0148817968781,74252.79435833421,59513.24978103221,2799.899645390637,1417.5981194447008,-162.2500729893049,936.5848817968796,HIT,0.04272113965650357,222.21131412902355,379192.98104917,-4870.561779025657,31331.053746637095
530,supersonic_cruise,1,1,30000.0,-35000.0,0.0,999.3494214925005,50.62100409413803,120.0,32998.04826447755,-34848.13698771759,259.7611575195571,999.3494214925005,50.62100409413803,64.09553699217709,MISS,49.82875000804593,262.8075459047739,292636.5680543478,-21696.418124593074,4298.593500210996
531,high_ballistic,9,0,85000.0,-85000.0,0.0,2963.5109630693805,-9.277022215298762,1501.2928607609279,94836.54207005718,-85030.79246894747,4026.582332796429,3278.8473566858415,-10.264156315805755,1327.4791109321395,HIT,0.01520856984603296,147.73095821432966,569387.2604217757,-86516.33306596224,93408.636663404
532,quasi_ballistic,7,2,90000.0,20000.0,0.0,1557.8812883991259,-111.68533225892187,950.6722337434967,94673.64386519766,19664.94400322321,2861.8717012304924,1557.8812883991259,-111.68533225892187,957.2422337434982,HIT,0.0014006331749870067,196.46676402217835,394323.91923567024,31158.742877128883,16821.88487281518
533,supersonic_cruise,8,2,70000.0,60000.0,0.0,1054.9804954979365,-161.52578278694654,120.0,73164.94148649363,59515.42265163924,259.7611575195571,1054.9804954979365,-161.52578278694654,64.09553699217709,MISS,47.34481086242742,225.23447198289733,307617.9747058202,23618.82560631813,1857.628573388699
534,high_ballistic,4,2,25000.0,85000.0,0.0,3037.2017883421627,-529.4287792110091,1453.6198145299538,34202.54077542515,83395.86228775617,4273.622372294444,3067.5135918083674,-534.7125707478094,1409.8257907648112,HIT,0.037936484860994296,166.7538515445994,536519.7028074281,-4165.373543437937,103608.87926063655
535,quasi_ballistic,7,2,90000.0,20000.0,0.0,1491.9446666489796,84.31736235781042,891.8465892733163,94475.83399994677,20252.9520870735,2685.394767819952,1491.9446666489796,84.31736235781042,898.4165892733179,HIT,0.055502356042375814,209.41430122587815,397253.18478956143,64293.289239278165,17028.7729345114
536,supersonic_cruise,9,0,85000.0,-85000.0,0.0,1035.808321868685,90.85166984571478,120.0,88107.42496560648,-84727.44499046326,259.7611575195571,1035.808321868685,90.85166984571482,64.09553699217709,HIT,0.0012526210873969876,221.02356051628834,313938.04336072557,-64919.64045275439,3773.330305521535
537,high_ballistic,8,2,70000.0,60000.0,0.0,3214.793059621359,-437.38814190996794,1349.8886793601703,78736.17108171806,58811.40167781443,4426.522349996199,2912.0570272392547,-396.1994407285612,1460.7924499987294,HIT,0.010080642450570023,164.78982245529969,549877.360091158,-5289.633308156531,112374.86746210043
538,quasi_ballistic,1,2,30000.0,-35000.0,0.0,1506.4039074813427,204.74191451983154,958.188628511312,34519.211722444,-34385.77425644049,2884.4208855339384,1506.4039074813427,204.74191451983154,964.7586285113135,HIT,0.03541244667197895,222.9647958320259,357199.4402586302,47218.279621946,30956.575629918454
539,supersonic_cruise,8,4,70000.0,60000.0,0.0,1088.067767774044,10.461240613420141,120.0,73264.20330332214,60031.3837218401,259.7611575195571,1088.067767774044,10.461240613420216,64.09553699217709,HIT,0.007574984240995951,243.88575965176125,335364.2337444852,62551.34760081603,4197.742983756079
540,high_ballistic,7,2,90000.0,20000.0,0.0,2739.1714267479447,-181.56851004454566,1522.5093036001238,98958.66228917468,19406.166788995324,4145.51240875936,2986.2207630582634,-197.94440366819293,1367.12246958645,HIT,0.026189220644365803,161.30755154191147,571699.9579042932,-11929.92346427601,97645.75327231485
541,quasi_ballistic,4,4,25000.0,85000.0,0.0,1490.265820221984,-143.66689828292394,903.1466541412889,29470.797460665926,84568.99930515152,2719.294962423869,1490.265820221984,-143.66689828292394,909.7166541412904,HIT,0.025065889109479836,236.2322928336503,375028.3347346153,39891.64058821532,40167.22838218883
542,supersonic_cruise,4,3,25000.0,85000.0,0.0,992.8252730447646,-189.87391923961363,120.0,27978.4758191344,84430.37824228115,259.7611575195571,992.8252730447646,-189.87391923961363,64.09553699217709,HIT,0.001995486955561663,266.1709623214394,289261.2584126833,34461.07619772597,2405.4291043216367
543,high_ballistic,2,3,10000.0,5000.0,0.0,2842.9551058297675,230.9027115724068,1558.599258003284,19202.39744561965,5747.411916144338,4289.426735192642,3067.465815206545,249.13730538144694,1415.0939117308772,HIT,0.007096625555343705,170.4764401384266,532930.6517623981,47472.040268420475,103707.12838889626
544,quasi_ballistic,3,2,45000.0,45000.0,0.0,1553.6025259034373,-162.95513268258316,1072.24073792803,49660.80757771022,44511.13460195236,3226.577213784093,1553.6025259034373,-162.95513268258316,1078.8107379280316,HIT,0.015669218554736977,222.67944090827245,387695.94684409315,-6573.714521696129,41970.21387843948
545,supersonic_cruise,9,0,85000.0,-85000.0,0.0,1064.6147521036714,216.49995657182833,120.0,88193.84425631142,-84350.50013028464,259.7611575195571,1064.6147521036714,216.49995657182833,64.09553699217709,HIT,0.0009028662029596925,223.46166397561825,322900.58396242233,-36620.55945166251,3653.0280233650974
546,high_ballistic,1,2,30000.0,-35000.0,0.0,3025.37065787802,136.7162136392937,1530.6376969329542,39370.962891790696,-34576.52707400208,4403.2866958181885,3123.654297263599,141.1576419993184,1453.0472319393928,HIT,0.008972187385641806,167.77042409678342,554056.8054787996,-11317.922562644431,110655.22132876045
547,quasi_ballistic,1,1,30000.0,-35000.0,0.0,1447.0745407981267,-21.30278551582165,838.9139831496183,34341.22362239431,-35063.90835654762,2526.5969494488572,1447.0745407981267,-21.30278551582165,845.4839831496198,HIT,0.04543588370445098,234.05384839324373,366339.27882377204,-13708.9984783947,35691.68591876435
548,supersonic_cruise,9,0,85000.0,-85000.0,0.0,998.2914177898164,-2.263925128455703,120.0,87994.87425336963,-85006.7917753855,259.7611575195571,998.2914177898164,-2.2639251284556514,64.09553699217709,HIT,0.0029297996313547205,233.71795743332711,318318.63121348,-85529.11995459875,3886.982151590031
549,high_ballistic,7,1,90000.0,20000.0,0.0,2971.9406860090203,-349.6849322540878,1446.0041562247195,98674.3364034369,18979.358924670014,4414.633799595024,2891.44546781242,-340.21369177665565,1456.8295998650046,HIT,0.0033926937639285767,156.8306030628257,543467.1362192705,-33355.917929164076,112448.40987737098
550,quasi_ballistic,9,1,85000.0,-85000.0,0.0,1678.7123818942066,266.46334951348837,1029.3200350461739,90036.13714568288,-84200.60995145992,3097.815105138524,1678.7123818942066,266.46334951348837,1035.8900350461754,HIT,0.03156922405079316,199.51926399378914,420039.55618472036,-37811.585200535395,20277.492568993584
551,supersonic_cruise,6,1,65000.0,-15000.0,0.0,907.0418924369684,-56.832193573274125,120.0,67721.12567731092,-15170.496580719846,259.7611575195571,907.0418924369684,-56.832193573274125,64.09553699217709,HIT,0.011855008165231582,265.6936127618411,305995.2367981617,-30099.950827839268,3680.624814634147
552,high_ballistic,4,3,25000.0,85000.0,0.0,2835.094378716501,-261.78702758538395,1583.3361173432545,34716.490143778676,84102.79844918085,4113.752073456674,3238.8300479262225,-299.0671836063126,1356.5356911522215,HIT,0.011331445621233236,166.4212322705949,564010.0866381524,35228.87213688044,94805.11558478756
553,quasi_ballistic,3,2,45000.0,45000.0,0.0,1516.1234053420312,-81.42378287834619,847.2777961568073,49548.37021602623,44755.72865136477,2551.688388470424,1516.1234053420312,-81.42378287834619,853.8477961568088,HIT,0.06200321669567054,207.55690590632966,356981.24591746076,33821.200744879345,33992.73861920109
554,supersonic_cruise,4,4,25000.0,85000.0,0.0,992.317877658843,-139.29329552960706,120.0,27976.953632976583,84582.12011341151,259.7611575195571,992.317877658843,-139.29329552960706,64.09553699217709,HIT,0.0004977717910296423,241.67570478338288,264819.12247142335,51336.19463235325,3616.846162502979
555,high_ballistic,0,2,15000.0,-75000.0,0.0,3169.976012409962,444.5168111092717,1372.7677418356595,23915.84963247211,-73749.75550873554,4348.567856823221,2971.9498774907174,416.7481637548472,1434.8076189410701,MISS,70.51469629920815,172.540678756738,527782.2476565253,-3093.9915849607714,106617.31836463384
556,quasi_ballistic,0,1,15000.0,-75000.0,0.0,1551.3424738321319,163.94818488079716,1034.251043533304,19654.027421496357,-74508.15544535784,3112.6081305999146,1551.3424738321319,163.94818488079716,1040.8210435333056,HIT,0.037072583605266406,221.61090790758342,352635.26363676565,-7820.97757627677,41840.24474005072
557,supersonic_cruise,7,2,90000.0,20000.0,0.0,1052.1706218062714,-117.5652238126544,120.0,93156.51186541887,19647.304328562095,259.7611575195571,1052.1706218062714,-117.5652238126544,64.09553699217709,HIT,0.007431462506446638,236.386111732851,338718.52182299213,-7790.7861388202,4171.319144360156
558,high_ballistic,0,0,15000.0,-75000.0,0.0,3201.68919652044,-16.599021335551356,1508.838815543893,24874.87259367823,-75051.19585656415,4358.696252148611,3291.6241978927324,-17.06528552141109,1438.1837507162002,HIT,0.03343919875446263,167.35753228673298,565878.1012687711,-77856.00346055967,108234.32614702104
559,quasi_ballistic,6,1,65000.0,-15000.0,0.0,1696.0569046751823,-109.18978708195426,1033.580473905448,70088.17071402562,-15327.569361245878,3110.596421716346,1696.0569046751823,-109.18978708195426,1040.1504739054494,HIT,0.03481724111066304,216.33174665655886,424183.75824705476,-82271.1959390832,33091.59632977634
560,supersonic_cruise,2,2,10000.0,5000.0,0.0,943.8216325677537,-75.2895370499095,120.0,12831.464897703227,4774.131388850292,259.7611575195571,943.8216325677537,-75.2895370499095,64.09553699217709,HIT,0.0029212108107942378,269.66761925833345,264518.1328004616,-15303.150206818653,4382.24036204971
561,high_ballistic,0,2,15000.0,-75000.0,0.0,2751.8284185035877,428.3953185619856,1615.460898518114,24801.35867416626,-73474.1577115326,4037.8646698598177,3267.119558055436,508.61409615587456,1331.2398899532695,MISS,26.706970452721844,167.93033518049322,563648.4774377343,10411.728189045778,90173.84737276704
562,quasi_ballistic,3,2,45000.0,45000.0,0.0,1555.8590271370765,-159.9383090888766,1010.4716821556495,49667.577081411146,44520.18507273329,3041.270046466951,1555.8590271370765,-159.9383090888766,1017.0416821556511,HIT,0.1466348523365129,221.85178778947477,389178.05162659567,48920.909450614665,36181.98648501904
563,supersonic_cruise,0,0,15000.0,-75000.0,0.0,969.4483648147768,-9.738547368605175,120.0,17908.34509444428,-75029.21564210585,259.7611575195571,969.4483648147768,-9.738547368605175,64.09553699217709,HIT,0.0009826452474969568,248.0245882637621,255447.03155131527,-77415.39920127613,1597.1679040059107
564,high_ballistic,4,2,25000.0,85000.0,0.0,3115.674286493619,-292.28413685695625,1412.8353758523774,33869.06090580145,84167.98561941396,4422.7781709087785,2956.3536352671804,-277.33812686192107,1459.544390302923,HIT,0.016439907449217254,178.61111193171897,553037.6088568663,35464.32904101936,109468.41697955137
565,quasi_ballistic,1,2,30000.0,-35000.0,0.0,1484.7630952351903,161.98395772007774,902.7868189125829,34454.28928570561,-34514.04812683977,2718.215456737751,1484.7630952351903,161.98395772007774,909.3568189125845,HIT,0.036970392572029165,238.33356746560247,372087.96599069156,51077.04135071949,41109.924278787454
566,supersonic_cruise,8,4,70000.0,60000.0,0.0,1177.3951681598398,33.08967442814795,120.0,73532.18550447957,60099.26902328458,259.7611575195571,1177.3951681598398,33.08967442814795,64.09553699217709,HIT,0.002201663261629642,218.51859187970385,327282.7342975277,67230.7090637415,2242.896028107613
567,high_ballistic,5,0,80000.0,-65000.0,0.0,2959.4949792001876,-12.179603881374819,1403.2636400450604,89066.09220825456,-65037.310896833806,4078.531497911305,3022.030736084841,-12.436965611207143,1344.7954993037652,HIT,0.017021266871066854,165.56366441926446,580338.4809323761,-67059.10989697275,93069.25983145446
568,quasi_ballistic,9,0,85000.0,-85000.0,0.0,1452.6869746522887,50.77348734514974,1011.1759226520348,89358.06092395651,-84847.67953796458,3043.3827679561064,1452.6869746522887,50.77348734514974,1017.7459226520364,HIT,0.04241859780744485,200.75271878294484,375152.6430883799,-76241.76551720744,21503.52635928025
569,supersonic_cruise,2,2,10000.0,5000.0,0.0,1092.5224202761121,-90.84610788391353,120.0,13277.567260828328,4727.461676348248,259.7611575195571,1092.5224202761121,-90.84610788391353,64.09553699217709,MISS,74.56937562518515,260.3012971466969,294385.0021593458,-18647.35976331115,1692.2672058115768
570,high_ballistic,1,2,30000.0,-35000.0,0.0,2874.4591341428645,363.09691398005435,1537.4170842924887,38953.171362942376,-33869.05023153566,4398.211972302571,2984.390454314099,376.9832561547644,1451.355657434187,HIT,0.009294848832871542,172.73170118754638,545498.839862724,30116.95669182259,109431.87444105021
571,quasi_ballistic,7,2,90000.0,20000.0,0.0,1663.2021058369164,-173.91805876849247,961.5203685276038,94989.60631751048,19478.245823694597,2894.416105582813,1663.2021058369164,-173.91805876849247,968.0903685276053,HIT,0.1385092907417247,200.102407503969,419071.9358854748,45684.35635281779,16696.005329253676
572,supersonic_cruise,7,2,90000.0,20000.0,0.0,969.3969174397831,36.4270762788848,120.0,92908.19075231964,20109.281228836553,259.7611575195571,969.3969174397831,36.4270762788848,64.09553699217709,HIT,0.015151319287710156,235.8477451971959,318630.0767552705,28591.243822844954,1704.1043785125012
573,high_ballistic,5,1,80000.0,-65000.0,0.0,3231.6241253894873,113.85167775351549,1348.9156771727219,88966.77520541562,-64684.09618149744,4331.1956448188475,2988.9250684717413,105.30127283414663,1429.0168816062792,HIT,0.015137324433092703,158.20368761949706,552858.967046035,-48340.950351699845,107967.34722141891
574,quasi_ballistic,9,0,85000.0,-85000.0,0.0,1651.8033832626352,37.804815782463976,1102.4313672369774,89955.41014978779,-84886.58555265225,3317.1491017109347,1651.8033832626352,37.804815782463976,1109.001367236979,HIT,0.06697793360484282,213.41622986489546,435927.22449720616,-82275.94713594795,21894.231521239293
575,supersonic_cruise,7,2,90000.0,20000.0,0.0,1024.0111418905085,-46.16077491858761,120.0,93072.0334256711,19861.517675244177,259.7611575195571,1024.0111418905085,-46.16077491858761,64.09553699217709,HIT,0.009720839384752615,231.69006488144046,327253.20752478135,9305.007066855233,3207.8889567980423
576,high_ballistic,9,1,85000.0,-85000.0,0.0,3200.829981885978,322.1146100852447,1345.7243497985428,94048.07323606801,-84089.44973680162,4240.4040530700795,3016.0244120225684,303.5167543993708,1398.7530176900232,HIT,0.034268466827588266,164.49923272753972,581133.6993097919,-35071.73071793516,102205.75093144743
577,quasi_ballistic,3,2,45000.0,45000.0,0.0,1594.5065832658313,-159.1137548372987,885.790756618528,49783.519749797706,44522.658735488076,2667.2272698555867,1594.5065832658313,-159.1137548372987,892.3607566185295,HIT,0.03408727412748702,226.4224626902489,405453.26296632236,51062.58424258149,41132.51937089604
578,supersonic_cruise,5,0,80000.0,-65000.0,0.0,909.5423777974413,55.58875753570567,120.0,82728.62713339244,-64833.2337273928,259.7611575195571,909.5423777974413,55.58875753570567,64.09553699217709,HIT,0.002232313578761429,233.87277712285916,292717.20188592456,-51999.30290151247,2998.646118927697
579,high_ballistic,5,1,80000.0,-65000.0,0.0,2855.092141250468,183.76487525664578,1422.7386217188857,87905.00201000657,-64491.20321292474,4580.57851999772,2635.000670002285,169.59892902513118,1512.144506665903,HIT,0.0030713785595453485,172.03918179197422,533323.3591553548,-35822.33932895318,120035.58607483152
580,quasi_ballistic,0,0,15000.0,-75000.0,0.0,1558.5533905191533,157.20298402488663,966.3099818940331,19675.660171557465,-74528.39104792569,2908.7849456821014,1558.5533905191533,157.20298402488663,972.8799818940346,HIT,0.009178070945242,227.763035411666,366692.17758050014,-20209.097707155153,38003.22224824931
581,supersonic_cruise,9,0,85000.0,-85000.0,0.0,1028.2049421845868,40.529289661459075,120.0,88084.61482655403,-84878.4121310155,259.7611575195571,1028.2049421845868,40.529289661459075,64.09553699217709,HIT,0.004357547819690048,225.083126409156,316431.5827921033,-75877.54077208482,4198.235395523652
582,high_ballistic,2,2,10000.0,5000.0,0.0,3096.3346178909997,-146.14910512322203,1526.4561304248564,20030.03674467036,4526.575426920426,4196.893364743859,3343.3455815567945,-157.80819102653103,1384.2494549146163,HIT,0.02565155400780137,165.8703473222968,564561.8897661977,-21175.696766832716,99536.38812755782
583,quasi_ballistic,3,3,45000.0,45000.0,0.0,1458.9314572135745,70.81446799720504,828.4518944123769,49376.79437164086,45212.44340399178,2495.2106832371323,1458.9314572135745,70.81446799720504,835.0218944123783,HIT,0.0016020968257083928,245.12372596697637,397467.1022485023,11885.477381613928,34894.75046091592
584,supersonic_cruise,2,2,10000.0,5000.0,0.0,1121.1693854758737,-58.30008168885775,120.0,13363.508156427633,4825.099754933453,259.7611575195571,1121.1693854758737,-58.30008168885775,64.09553699217709,HIT,0.001345237468884794,261.7686486114561,303486.99496212765,-10261.133596211253,3755.3844318934375
585,high_ballistic,9,1,85000.0,-85000.0,0.0,2725.8658236283973,238.6674495588566,1476.4491590559153,93451.37074868107,-84260.027003391,4241.71841838251,2817.1235828935633,246.65766553628194,1399.1911394608335,HIT,0.005558449276067653,161.3830147947231,539635.896371926,-45193.642726005186,102807.03257527089
586,quasi_ballistic,0,1,15000.0,-75000.0,0.0,1689.53271723674,274.89656137388846,1096.0859053295126,20068.598151710175,-74175.3103158783,3298.1127159885395,1689.53271723674,274.89656137388846,1102.655905329514,HIT,0.0696456513495364,229.9892105610425,392786.7622569273,28448.27100135893,39802.675331381666
587,supersonic_cruise,0,0,15000.0,-75000.0,0.0,1107.4908560907427,12.67793466202974,120.0,18322.472568272206,-74961.96619601425,259.7611575195571,1107.4908560907427,12.677934662029882,64.09553699217709,HIT,0.0008638686043903901,237.1118737783961,277599.2320428012,-71993.91115650898,4418.380674653258
588,high_ballistic,5,2,80000.0,-65000.0,0.0,3150.3866621021734,463.1442930654823,1407.3036646634887,89763.67565242312,-63564.6236025056,4042.631094641013,3254.5585508076156,478.45879916473814,1332.8286982136676,HIT,0.03572077023225312,149.64949771255283,567043.0503339055,6601.112560990641,94014.02002856691
589,quasi_ballistic,4,2,25000.0,85000.0,0.0,1669.8841147986861,-291.87230620462975,1021.250822255732,30009.65234439609,84124.38308138575,3073.6074667671983,1669.8841147986861,-291.87230620462975,1027.8208222557334,HIT,0.027185830122678344,214.2753144112917,366314.35480101744,-28417.796379736094,34108.737645799294
590,supersonic_cruise,3,2,45000.0,45000.0,0.0,1171.8399418114634,-84.19732254850126,120.0,48515.51982543446,44747.40803235429,259.7611575195571,1171.8399418114634,-84.19732254850126,64.09553699217709,HIT,0.03596048062140604,247.70299732887003,335268.26461509604,24144.070885417783,2689.753794587321
591,high_ballistic,8,2,70000.0,60000.0,0.0,2994.0871819790673,-147.66052988823148,1417.0047846805985,78359.54895061557,59587.728962902474,4523.532393733492,2786.516316871954,-137.4236790324673,1493.1291312444941,HIT,0.006806941613545773,175.72464365000164,559659.5862924224,35851.27270802426,116088.93446375789
592,quasi_ballistic,6,2,65000.0,-15000.0,0.0,1654.5831932762537,157.01976052249233,959.0472469405822,69963.74957982858,-14528.940718432532,2886.9967408217494,1654.5831932762537,157.01976052249233,965.6172469405838,HIT,0.035993706883348714,202.61249553498857,400729.42536275066,-9644.110022813316,31258.152521994707
593,supersonic_cruise,8,4,70000.0,60000.0,0.0,1067.8291066861354,-4.683634241510261,120.0,73203.48732005834,59985.94909727544,259.7611575195571,1067.8291066861354,-4.683634241510257,64.09553699217709,HIT,0.0028288223103869617,228.46759125002114,313964.3439770108,58929.9413711144,3354.8564734881475
594,high_ballistic,6,1,65000.0,-15000.0,0.0,3416.6014692622734,-77.18719263871388,1335.186626616595,73474.248540331,-15191.4485667806,4800.6745868628595,2824.749513443575,-63.816188926875746,1585.5098622876162,HIT,0.0032900886201160853,170.54043882050536,546734.0214678922,-25883.24086738396,132755.3400010395
595,quasi_ballistic,2,2,10000.0,5000.0,0.0,1482.5385172258304,-97.69191252044878,909.0661341829693,14447.615551677518,4706.924262438679,2737.0534025489105,1482.5385172258304,-97.69191252044878,915.6361341829709,HIT,0.007552637073396285,223.17914214110522,339175.7542234996,-11029.431826770084,40978.01679605806
596,supersonic_cruise,0,1,15000.0,-75000.0,0.0,1052.9625624265454,169.00574406239207,120.0,18158.88768727964,-74492.98276781308,259.7611575195571,1052.9625624265454,169.00574406239207,64.09553699217709,HIT,0.013335665640602578,243.3453768714729,271233.571154027,-33873.23351533944,2552.3262151571994
597,high_ballistic,1,2,30000.0,-35000.0,0.0,3525.99735269403,393.6181366834656,1347.1275361312016,40090.246291134186,-33873.59417874788,4192.591339411372,3363.4154303780238,375.46860708397594,1382.815446470454,HIT,0.03284094049582676,153.1532980609464,545118.1632705576,22504.249829247427,101238.71310902294
598,quasi_ballistic,0,1,15000.0,-75000.0,0.0,1737.9128710184361,200.27987397473157,976.9637170294627,20213.738613055277,-74399.16037807561,2940.7461510883895,1737.9128710184361,200.27987397473157,983.5337170294641,HIT,0.07535284038656931,214.84682861445197,387687.39948745526,-32644.048640379835,41619.9090819025
599,supersonic_cruise,5,0,80000.0,-65000.0,0.0,1044.8863841221514,96.00287031689993,120.0,83134.65915236622,-64711.99138904936,259.7611575195571,1044.8863841221514,96.00287031689993,64.09553699217709,HIT,0.003138175519056891,236.93024805502156,327565.1900587124,-42254.0161150906,3039.7799492830736
600,high_ballistic,3,4,45000.0,45000.0,0.0,2708.9746455134537,97.1843317234856,1578.314597624979,53569.98737331043,45307.44787410018,4446.004911810685,2856.6624577701377,102.4826246999963,1467.2866372702251,HIT,0.006159272163486642,175.5254447084508,546416.9477894171,62988.3084066137,111592.82313699565
601,quasi_ballistic,6,1,65000.0,-15000.0,0.0,1468.2866358924855,-99.14434309429684,884.8349987648284,69404.85990767769,-15297.43302928291,2664.3599962944872,1468.2866358924855,-99.14434309429684,891.4049987648299,MISS,49.29232344570153,226.91922299115794,391576.65569072694,-76639.44561241921,32831.629286562245
602,supersonic_cruise,0,0,15000.0,-75000.0,0.0,964.7847779998386,106.52903073100235,120.0,17894.354333999487,-74680.41290780733,259.7611575195571,964.7847779998386,106.52903073100235,64.09553699217709,HIT,0.0007772895738484565,244.81212501436778,251191.01171495792,-48920.401612418296,3895.66790177
603,high_ballistic,6,1,65000.0,-15000.0,0.0,2788.0055857843035,-198.19142197393344,1507.3430129225774,72824.57653748509,-15556.226988286944,4789.640761605922,2608.1921791615946,-185.40899609564863,1581.8319205353039,HIT,0.0033995617780172124,185.08000534880105,547724.2223208982,-49315.49747594939,130193.51679718896
604,quasi_ballistic,9,0,85000.0,-85000.0,0.0,1451.9704195822287,66.1837844912684,834.9763434907574,89355.91125874664,-84801.44864652655,2514.784030472274,1451.9704195822287,66.1837844912684,841.5463434907589,MISS,43.154513674712604,220.17983570589737,403220.88546500285,-78983.44886920694,19871.096039345728
605,supersonic_cruise,1,1,30000.0,-35000.0,0.0,1159.4751930658351,-47.85831816395029,120.0,33478.42557919747,-35143.57495449178,259.7611575195571,1159.4751930658351,-47.85831816395029,64.09553699217709,HIT,0.0013019255304560432,256.11774833435976,326962.1757605254,-47257.36468608915,4306.275121252261
606,high_ballistic,9,2,85000.0,-85000.0,0.0,2537.8308079739304,429.6472940347349,1627.3064801342448,93080.2233530875,-83632.04194387537,4555.784364514605,2693.4077843624136,455.98601870833977,1503.8797881715313,HIT,0.00524020168863902,170.90922261732038,545328.2304765636,-7067.785061264625,118781.92129194355
607,quasi_ballistic,4,4,25000.0,85000.0,0.0,1553.1323003211771,-63.989495786993025,1085.183295742448,29659.396900963475,84808.03151263914,3265.404887227346,1553.1323003211771,-63.989495786993025,1091.7532957424496,HIT,0.022674133732500823,224.43148773060747,373094.42681545054,85124.64051724161,34131.6920994887
608,supersonic_cruise,9,0,85000.0,-85000.0,0.0,999.1636258628816,12.783682652715651,120.0,87997.49087758857,-84961.64895204158,259.7611575195571,999.1636258628816,12.78368265271554,64.09553699217709,HIT,0.003221348062757368,248.46090340867326,333253.0969744894,-81823.75466108203,4444.148400071663
609,high_ballistic,8,2,70000.0,60000.0,0.0,2663.523564765726,-397.51191520345395,1531.895427565667,78696.96997814957,58702.03919416614,4178.263059699229,2898.989992716612,-432.65360194468076,1378.0393532330731,HIT,0.004524993743240717,161.47012103708096,538100.2646188948,-9860.628599978565,99378.14791891247
610,quasi_ballistic,4,4,25000.0,85000.0,0.0,1686.9426717302074,-87.05392235742,944.7416284364073,30060.828015190637,84738.83823292766,2844.0798853092233,1686.9426717302074,-87.05392235742,951.3116284364088,HIT,0.07702700684881751,226.19629207986694,395852.0282191545,11711.605368130902,34334.58187528178
611,supersonic_cruise,9,0,85000.0,-85000.0,0.0,985.7903239606168,167.880619097922,120.0,87957.37097188161,-84496.35814270645,259.7611575195571,985.7903239606168,167.880619097922,64.09553699217709,HIT,0.0020855548661080033,230.61365385851275,312336.70861804317,-46284.43702171624,2670.887681982769
612,high_ballistic,1,0,30000.0,-35000.0,0.0,3251.0954804363073,-140.2704349614662,1334.361012629047,39313.746867769885,-35401.84711034337,4147.853781067067,3104.582289256607,-133.94903678105626,1367.9029270223523,HIT,0.014723376156791843,159.60002494774827,525491.4097146415,-56378.269646271794,98073.39343147074
613,quasi_ballistic,7,2,90000.0,20000.0,0.0,1442.8609654998909,100.61687664029145,940.0561207837128,94328.58289650001,20301.85062992081,2830.0233623511403,1442.8609654998909,100.61687664029145,946.6261207837143,HIT,0.0257971622408386,211.50838783652532,384460.9844507502,89195.913079127,17811.84357477385
614,supersonic_cruise,2,2,10000.0,5000.0,0.0,1017.5601029490242,-101.19037965209267,120.0,13052.680308847084,4696.4288610437325,259.7611575195571,1017.5601029490242,-101.19037965209267,64.09553699217709,HIT,0.016971917940603265,265.1982724363468,279855.1806487752,-21835.51390196342,3654.1960312141664
615,high_ballistic,7,2,90000.0,20000.0,0.0,2586.9611744441836,9.450416277810168,1580.6813932122016,97710.54404991941,20028.16735392851,4728.858344820977,2570.181349973266,9.389117976202366,1561.571114940322,HIT,0.0006609823640620854,171.06591759661518,529670.4309918337,21606.15802224241,128628.36345046054
616,quasi_ballistic,6,2,65000.0,-15000.0,0.0,1377.1107296775244,83.91890180906209,944.0433977098336,69131.33218903292,-14748.243294572858,2841.985193129503,1377.1107296775244,83.91890180906209,950.6133977098351,HIT,0.055456911271912504,232.7919416533134,382526.43362317723,-41318.91129005868,36187.778007770845
617,supersonic_cruise,1,2,30000.0,-35000.0,0.0,1066.492605550498,86.66760016437513,120.0,33199.47781665153,-34739.997199506906,259.7611575195571,1066.492605550498,86.66760016437513,64.09553699217709,HIT,0.006175727670185769,255.2338542834108,302205.0180329809,-12879.494376008817,2977.098068096928
618,high_ballistic,5,2,80000.0,-65000.0,0.0,2792.4303464896907,460.58411664403,1525.8712695603874,89279.04873740772,-63469.51152375623,4088.6065596527383,3093.016245802491,510.1628254145725,1348.153853217576,HIT,0.02074798003857653,150.5512981584659,545657.6095733414,11805.67143139201,96221.82078714123
619,quasi_ballistic,4,4,25000.0,85000.0,0.0,1514.9935028834361,-57.59377585427611,845.6455004244452,29544.980508650333,84827.21867243701,2546.7915012733383,1514.9935028834361,-57.59377585427611,852.2155004244468,HIT,0.0589859823576918,231.11459959926054,371536.36037268286,114984.34228614876,34875.9803824782
620,supersonic_cruise,7,2,90000.0,20000.0,0.0,1081.6333649955452,-54.86450766820145,120.0,93244.90009498695,19835.406476995486,259.7611575195571,1081.6333649955452,-54.86450766820145,64.09553699217709,HIT,0.00014922613952951256,215.32529047365722,322903.01850936515,8186.2839496281795,3644.695388627551
621,high_ballistic,3,2,45000.0,45000.0,0.0,3011.0823558914876,-44.50188217492607,1519.3227351222351,54566.98230048714,44858.60608618939,4259.537355886169,3188.9941001624074,-47.13130460357166,1405.1307852953862,HIT,0.0163224837455518,153.30268723098533,533881.3640058433,37774.64281236742,104646.12461498918
622,quasi_ballistic,7,2,90000.0,20000.0,0.0,1668.2098330234014,42.97626434296472,943.5476374221391,95004.62949907029,20128.928793028826,2840.49791226642,1668.2098330234014,42.97626434296472,950.1176374221407,HIT,0.0839114750828833,206.50449517225965,430842.80895772116,59809.63248191371,16768.793287382763
623,supersonic_cruise,2,2,10000.0,5000.0,0.0,1091.6694341250595,-110.74847140812665,120.0,13275.008302375209,4667.754585775601,259.7611575195571,1091.6694341250595,-110.74847140812665,64.09553699217709,MISS,59.71314306413551,240.6157527593225,272672.8627600069,-21647.826810476443,3976.3209302752043
624,high_ballistic,9,2,85000.0,-85000.0,0.0,3233.5922244274857,383.33410855267573,1372.6363608742986,94688.80386305304,-83851.4170204493,4078.8527338833055,3229.6012876842296,382.8609931835797,1344.9025779610986,HIT,0.06625331995791534,157.60845007757013,594012.4464667777,-24657.87452930714,94764.18274143929
625,quasi_ballistic,3,3,45000.0,45000.0,0.0,1654.9222142575104,-26.801354306253693,970.6872405625916,49964.76664277259,44919.59593708132,2921.9167216877777,1654.9222142575104,-26.801354306253693,977.2572405625931,HIT,0.1414406393117416,223.20205789028657,406603.9206056672,-9727.07799257787,32587.299552002958
626,supersonic_cruise,4,4,25000.0,85000.0,0.0,929.9563900434279,-159.13423253464077,120.0,27789.869170130332,84522.59730239632,259.7611575195571,929.9563900434279,-159.13423253464077,64.09553699217709,MISS,27.593182780394006,281.5878747914961,286864.44317584636,40189.72962908742,3112.739413126419
627,high_ballistic,1,0,30000.0,-35000.0,0.0,3428.063053669427,-191.1154882013759,1345.1820325755748,38567.228871896805,-35477.62544117504,4800.165810130369,2855.7429572989113,-159.20848039175317,1585.340270043453,HIT,0.0032147175045111787,171.78232413676437,520566.16217206925,-62349.20266344213,132646.53307880159
628,quasi_ballistic,3,2,45000.0,45000.0,0.0,1619.4050814152579,-218.33435076690972,1002.2360582634492,49858.21524424595,44344.99694769911,3016.5631747903494,1619.4050814152579,-218.33435076690972,1008.8060582634507,HIT,0.06842097712068645,212.10753429627619,378445.88361449586,-38824.07439951446,39181.7742337404
629,supersonic_cruise,8,3,70000.0,60000.0,0.0,1120.2005412690512,-45.76184230990727,120.0,73360.60162380745,59862.71447307037,259.7611575195571,1120.2005412690512,-45.76184230990727,64.09553699217709,HIT,0.017091790996697314,254.09599119292258,354638.4661390203,48372.09932468603,3254.7841672407726
630,high_ballistic,4,4,25000.0,85000.0,0.0,3290.5120065407177,-140.75232300725904,1372.1364154063863,34972.58787548288,84573.42051720858,4030.5528269760734,3324.1959584942906,-142.19316093038654,1328.8026089920213,HIT,0.03703778209918337,161.58735067521036,562148.0144910463,62023.387724291344,91401.36882199843
631,quasi_ballistic,9,0,85000.0,-85000.0,0.0,1461.7979088688442,20.877707882582627,838.5824923087015,89385.39372660627,-84937.36687635217,2525.602476926106,1461.7979088688442,20.877707882582627,845.152492308703,HIT,0.02579681999010177,223.6355515825021,410981.4564914963,-86639.43986464773,19989.599224717997
632,supersonic_cruise,1,1,30000.0,-35000.0,0.0,978.7241685429005,-39.16737685035045,120.0,32936.172505628696,-35117.50213055115,259.7611575195571,978.7241685429005,-39.16737685035045,64.09553699217709,MISS,37.384929784718445,261.9442825325171,286371.1996808144,-45259.67043540226,2460.1638113897016
633,high_ballistic,2,2,10000.0,5000.0,0.0,2847.653974762332,97.62383530148068,1560.7064669173405,18457.921840022464,5289.956144960361,4685.050719959943,2819.3072800074824,96.65204832012184,1546.9685733199778,HIT,0.006105505670527359,184.32778489142277,529676.6655072358,22815.657348027962,123918.19203303789
634,quasi_ballistic,8,2,70000.0,60000.0,0.0,1565.173485542477,-154.37466684540496,986.2426138471933,74695.52045662742,59536.87599946381,2968.5828415415817,1565.173485542477,-154.37466684540496,992.8126138471948,HIT,0.04734834091328868,214.44056273982557,399525.16312452557,-6324.4501725578975,30401.95361188209
635,supersonic_cruise,8,3,70000.0,60000.0,0.0,1063.4133917910524,-75.6951537517245,120.0,73190.24017537333,59772.91453874481,259.7611575195571,1063.4133917910524,-75.6951537517245,64.09553699217709,HIT,0.010640194009526663,250.2401115826289,336108.6854703847,41058.036276319646,2215.006323301731
636,high_ballistic,4,4,25000.0,85000.0,0.0,3137.9802017263287,-123.59814990810298,1384.3294562250144,33456.928809946694,84666.90014352615,4578.808168379873,2818.976269982221,-111.03328549140225,1511.5543894599543,HIT,0.0076859805739009305,177.49271112829447,525347.7403732361,65292.40208233704,118988.0451620843
637,quasi_ballistic,7,2,90000.0,20000.0,0.0,1647.0902691263586,-113.27755319824485,964.8064420558778,94941.27080737904,19660.16734040517,2904.274326167636,1647.0902691263586,-113.27755319824485,971.3764420558794,HIT,0.005444483202093954,206.372095208498,429608.4723254787,21868.573472324082,17024.77199184202
638,supersonic_cruise,4,4,25000.0,85000.0,0.0,1117.8182217528226,-126.92272516350548,120.0,28353.45466525847,84619.23182450962,259.7611575195571,1117.8182217528226,-126.92272516350548,64.09553699217709,HIT,0.03300487344961518,240.15080536828762,293444.94514901657,54519.405278880055,2516.1823990670937
639,high_ballistic,9,0,85000.0,-85000.0,0.0,2854.9789452035434,184.93039176051303,1550.4377858861426,94691.16648794472,-84372.25764195435,4066.6300197598352,3230.388829314868,209.24745268178944,1340.8283399199418,HIT,0.06837404954469253,156.0445760094253,589084.6475937201,-52348.07807359114,94385.11665942796
640,quasi_ballistic,7,2,90000.0,20000.0,0.0,1430.9736028610334,-150.6765673324147,902.0134630293943,94292.92080858315,19547.970298002765,2715.8953890881853,1430.9736028610334,-150.6765673324147,908.5834630293958,HIT,0.0261744152512561,223.5320199863264,407454.3883217547,39948.359650085375,17946.13196935109
641,supersonic_cruise,2,2,10000.0,5000.0,0.0,1093.6474300538027,-52.300090186895936,120.0,13280.942290161365,4843.099729439327,259.7611575195571,1093.6474300538027,-52.300090186895936,64.09553699217709,HIT,0.0016472064660458838,234.12208577190316,266047.017464955,-7244.606199693257,1656.0720876347787
642,high_ballistic,3,2,45000.0,45000.0,0.0,3010.393088483677,-370.7918757033984,1511.640335265492,53561.09400983565,43945.525048498384,4739.786178766906,2853.6980032785514,-351.4916505005902,1565.2137262556319,HIT,0.009981965271641144,166.60209214641804,520432.05731848977,-13559.241873670751,129526.54425031797
643,quasi_ballistic,1,2,30000.0,-35000.0,0.0,1681.7150847668631,108.08345476762018,925.8285729259817,35045.145254300616,-34675.74963569714,2787.340718777948,1681.7150847668631,108.08345476762018,932.3985729259832,HIT,0.09510512361854784,205.3989335889397,368550.7679893338,26721.029934222926,40193.558529878224
644,supersonic_cruise,1,1,30000.0,-35000.0,0.0,1040.4233738107384,43.651798001872805,120.0,33121.27012143232,-34869.04460599457,259.7611575195571,1040.4233738107384,43.651798001872805,64.09553699217709,HIT,0.0026380127658961303,251.7169442176992,291892.19245293946,-24012.10279921072,3375.2759729052323
645,high_ballistic,6,2,65000.0,-15000.0,0.0,2579.597771008717,178.59025529250746,1626.2939671968559,72834.10174298857,-14457.630857805889,4775.3812039921995,2611.3672476627835,180.7897140646945,1577.0787346640627,MISS,66.90941560281384,171.5574488028191,512999.5026343659,16015.8214354167,131244.78725464636
646,quasi_ballistic,4,4,25000.0,85000.0,0.0,1476.5816209109605,-142.64398508118015,1035.1034206116053,29429.74486273284,84572.0680447563,3115.165261834819,1476.5816209109605,-142.64398508118015,1041.673420611607,HIT,0.02094638218559622,229.86255140591268,353091.067938932,3173.8808833720223,30671.112302767575
647,supersonic_cruise,1,1,30000.0,-35000.0,0.0,1154.1226529400774,-64.05172570946186,120.0,33462.36795882022,-35192.1551771283,259.7611575195571,1154.1226529400774,-64.05172570946186,64.09553699217709,HIT,0.0038018081837497197,245.3800776932486,313198.70609702024,-50717.01743443649,3215.0347399918683
648,high_ballistic,0,1,15000.0,-75000.0,0.0,3201.410922606523,179.8930149165922,1358.346037675918,24578.78324832041,-74461.75100934226,4041.719933014014,3192.927749440157,179.416330219173,1332.524977671335,HIT,0.03421871997131396,170.25398256676004,558608.663313386,-44453.656634308674,89699.8928945708
649,quasi_ballistic,7,2,90000.0,20000.0,0.0,1485.786149940923,23.91553559381505,847.7281138033292,94457.35844982293,20071.746606781526,2553.0393414099894,1485.786149940923,23.91553559381505,854.2981138033307,HIT,0.007815943761752056,205.63439441320935,389422.37217485846,66761.28921056434,16462.214539882367
650,supersonic_cruise,5,1,80000.0,-65000.0,0.0,1158.4314561993879,154.83349578649288,120.0,83475.29436859797,-64535.49951264067,259.7611575195571,1158.4314561993879,154.83349578649288,64.09553699217709,HIT,0.037186160596552685,226.65507005742472,342564.36153084843,-29906.2031559553,2951.053924048655
651,high_ballistic,3,3,45000.0,45000.0,0.0,2775.1287471592927,12.818248488660025,1573.1876063332493,54047.90361116218,45041.79203466061,4298.538680959846,3015.9678703873406,13.930678220249314,1418.1312269866119,HIT,0.01515990310527609,175.73244868658654,575003.4180363476,47448.07199265594,102907.80399697147
652,quasi_ballistic,1,1,30000.0,-35000.0,0.0,1690.6208224134662,33.87234773549388,1002.2225439070061,35071.862467240426,-34898.38295679365,3016.5226317210204,1690.6208224134662,33.87234773549388,1008.7925439070076,HIT,0.0172190373641528,229.96866202951136,416765.6166840162,-2719.044860482844,30566.695387281892
653,supersonic_cruise,5,0,80000.0,-65000.0,0.0,947.4225492858013,77.71450703785192,120.0,82842.26764785708,-64766.85647888633,259.7611575195571,947.4225492858013,77.71450703785192,64.09553699217709,HIT,0.03397584516228708,236.95313978393526,304494.7466012674,-46585.303492217834,2636.093118168069
654,high_ballistic,6,2,65000.0,-15000.0,0.0,2662.928428654906,72.34553790647942,1555.5050164765314,73984.38309897087,-14755.915321997127,4105.253612341662,2994.794366323652,81.3615593342919,1353.7028707805507,HIT,0.011881403792852623,158.33549054249897,539182.2339506146,-2117.577718726543,96030.0578844653
655,quasi_ballistic,3,2,45000.0,45000.0,0.0,1728.5963105604335,-69.55058537366251,999.22184756168,50185.78893168116,44791.34824387904,3007.520542685042,1728.5963105604335,-69.55058537366251,1005.7918475616815,HIT,0.08195916070374296,221.15648577831647,425619.4672255365,18435.046506791885,33932.94750570237
656,supersonic_cruise,0,0,15000.0,-75000.0,0.0,1047.990982942012,75.52208842743504,120.0,18143.972948826024,-74773.43373471784,259.7611575195571,1047.990982942012,75.52208842743504,64.09553699217709,HIT,0.030707637573269147,269.8066260981075,297754.910235961,-54623.64009094222,2071.712821916336
657,high_ballistic,1,0,30000.0,-35000.0,0.0,3147.8653049366358,-141.1950104177135,1500.2918737787743,40039.68243737589,-35450.322021120955,4189.499928098819,3346.560812458621,-150.10734037367527,1381.7849760329361,HIT,0.0473253728705614,158.15656746508688,559280.5662678822,-58740.461535673094,100501.72330055948
658,quasi_ballistic,5,1,80000.0,-65000.0,0.0,1545.134553304331,227.92723683329098,1027.325608203656,84635.4036599127,-64316.21828949996,3091.83182461097,1545.134553304331,227.92723683329098,1033.8956082036575,HIT,0.06029741014473006,203.75366533468838,395590.3128135253,-33829.05408812955,24496.725767488584
659,supersonic_cruise,1,2,30000.0,-35000.0,0.0,1175.166543390203,103.15560095579532,120.0,33525.49963017067,-34690.53319713261,259.7611575195571,1175.166543390203,103.15560095579532,64.09553699217709,HIT,0.012045969601028663,245.6900534278764,318726.7303063377,-9655.694904630349,3653.605741690631
660,high_ballistic,1,2,30000.0,-35000.0,0.0,3009.8848482637563,286.99746620343564,1468.5434843848295,39143.19937162305,-34128.18091557128,4306.774128752994,3047.7331238743554,290.6063614761824,1420.8763762509948,HIT,0.025500837376600968,167.84000559065635,541531.5422464747,13775.370276361216,105244.28833719372
661,quasi_ballistic,7,2,90000.0,20000.0,0.0,1638.0085731520153,-3.4908927202785076,1114.048742963663,94914.02571945568,19989.527321839123,3352.001228890991,1638.0085731520153,-3.4908927202785076,1120.6187429636645,HIT,0.06004414117345262,206.062137907302,422385.4069511204,60102.215422761255,18468.735206594996
662,supersonic_cruise,9,0,85000.0,-85000.0,0.0,1079.2498077088808,0.336003259922479,120.0,88237.74942312652,-84998.99199022038,259.7611575195571,1079.2498077088808,0.33600325992254226,64.09553699217709,HIT,0.02018666325836079,245.0998599396935,349523.9758825422,-84917.64566222584,3028.5165602795296
663,high_ballistic,2,3,10000.0,5000.0,0.0,3344.1551134951414,215.90799486228158,1405.5164270835066,19966.37670299591,5643.457117554863,4200.364893738851,3322.1255676652995,214.48570585162716,1385.40663124628,HIT,0.021521092680808047,161.49125536372,546494.2265918625,39637.564602203194,100564.18022491879
664,quasi_ballistic,6,2,65000.0,-15000.0,0.0,1608.6632482127122,-0.7627399926345606,1097.4457137513753,69825.98974463846,-15002.288219977927,3302.1921412541287,1608.6632482127122,-0.7627399926345606,1104.0157137513768,HIT,0.025907222689722335,207.44733376442673,396750.78882421076,-41859.856008561364,35508.1922064417
665,supersonic_cruise,6,2,65000.0,-15000.0,0.0,1065.5738961456557,125.29501502664955,120.0,68196.72168843732,-14624.114954920078,259.7611575195571,1065.5738961456557,125.29501502664955,64.09553699217709,HIT,0.0013737973507076957,252.37596017025646,333925.2351090247,16621.449722760197,3629.2105704086603
666,high_ballistic,9,1,85000.0,-85000.0,0.0,2643.5451945574,235.67384223537422,1612.4997961277377,93667.21428774355,-84227.31198359077,4382.242015693907,2889.071429247817,257.5626721362993,1446.0323385646325,HIT,0.007958582958853606,160.75700566127526,549438.4717314732,-43594.99689825902,110431.90469222536
667,quasi_ballistic,1,1,30000.0,-35000.0,0.0,1461.001892460822,14.510138857097155,896.2607765990196,34383.005677382454,-34956.46958342855,2698.6373297970604,1461.001892460822,14.510138857097155,902.8307765990211,HIT,0.06385988601299117,222.79287071992502,349006.90070359217,10781.015425193047,39962.42650113569
668,supersonic_cruise,6,2,65000.0,-15000.0,0.0,1176.791980089741,95.74762617898051,120.0,68530.37594026893,-14712.75712146311,259.7611575195571,1176.791980089741,95.74762617898051,64.09553699217709,HIT,0.01725149994771593,244.4447951910905,352660.6737094658,8405.008870203024,4169.500598108323
669,high_ballistic,5,2,80000.0,-65000.0,0.0,3019.8064248428122,532.3967808905973,1414.4775411797368,88379.56339151511,-63522.66935449559,4543.568405065795,2793.187797171802,492.44354850148113,1499.8078016885947,HIT,0.0014083379999882443,159.96985640496263,526825.8507652188,13776.123350848859,119111.2629918443
670,quasi_ballistic,0,1,15000.0,-75000.0,0.0,1477.9811365785565,252.92609711329212,918.4180526602498,19433.943409735617,-74241.2217086603,2765.1091579807517,1477.9811365785565,252.92609711329212,924.9880526602514,HIT,0.06736628759951918,232.69942952329455,349898.59641588293,17883.453608796488,33954.35271555468
671,supersonic_cruise,3,3,45000.0,45000.0,0.0,1051.434342746251,-17.84362624586609,120.0,48154.303028238646,44946.469121262344,259.7611575195571,1051.434342746251,-17.84362624586609,64.09553699217709,HIT,0.004739099695258474,244.0832131999655,301637.47272616345,40644.670369826636,1570.773536840938
672,high_ballistic,6,1,65000.0,-15000.0,0.0,2931.959661213833,-131.2493269804326,1463.1646464760906,73241.57107782233,-15368.934358659571,4640.575561900372,2747.190359274189,-122.9781195531849,1532.1435206334538,HIT,0.005751895666861716,177.07780113635778,551466.4276288475,-36776.694681478766,122716.14570376818
673,quasi_ballistic,9,0,85000.0,-85000.0,0.0,1508.393829808964,32.90465749724425,946.7043492636504,89525.18148942676,-84901.28602750861,2849.9680477909533,1508.393829808964,32.90465749724425,953.274349263652,HIT,0.0030161275902719728,203.6765253783009,389104.94889997295,-65953.35501265894,20364.36006219594
674,supersonic_cruise,9,0,85000.0,-85000.0,0.0,1119.3801688808321,108.738194531609,120.0,88358.14050664223,-84673.78541640559,259.7611575195571,1119.3801688808321,108.738194531609,64.09553699217709,HIT,0.01751630688337746,240.99654041747593,354766.74737709615,-58794.47128883161,3186.4255342559663
675,high_ballistic,7,1,90000.0,20000.0,0.0,2858.90531413488,-337.4898702884533,1513.7271626719162,98766.3427135942,18965.145207612295,4398.805149008,2922.114237864648,-344.95159746254393,1451.5533830026632,HIT,0.01755583443824171,164.2882702313071,570069.0918931653,-36671.499101010806,110919.14547944197
676,quasi_ballistic,5,0,80000.0,-65000.0,0.0,1486.0281564819961,-27.130164496620264,797.9362167618066,84458.08446944575,-65081.39049348989,2403.663650285422,1486.0281564819961,-27.130164496620264,804.5062167618081,HIT,0.01683742081094099,207.25847826285968,384039.3842571991,-57879.36515199626,21313.92259060912
677,supersonic_cruise,0,0,15000.0,-75000.0,0.0,1166.9121574210901,138.89479224855714,120.0,18500.736472263306,-74583.31562325417,259.7611575195571,1166.9121574210901,138.89479224855714,64.09553699217709,HIT,0.00032082371088617217,243.52420410068143,299171.3543809947,-41175.75626346987,2304.1414020607435
678,high_ballistic,3,2,45000.0,45000.0,0.0,3094.257241502616,-318.4125894827273,1470.474660575197,53924.01816540092,44081.67954023884,4544.622194708823,2974.6727218003575,-306.10681992041594,1500.1590649029376,HIT,0.005453004286094748,162.08111842561095,527138.281319442,-4614.134865353011,119061.74637814434
679,quasi_ballistic,0,0,15000.0,-75000.0,0.0,1433.2159487518609,127.9799582391531,904.2935444451479,19299.647846255648,-74616.06012528297,2722.7356333354455,1433.2159487518609,127.9799582391531,910.8635444451494,HIT,0.004967613256484894,243.1683475857483,358189.13987351593,-102749.70766053701,35789.915656665384
680,supersonic_cruise,6,2,65000.0,-15000.0,0.0,918.6807839719529,-27.13650400110355,120.0,67756.04235191617,-15081.409512003302,259.7611575195571,918.6807839719529,-27.13650400110355,64.09553699217709,HIT,0.022075887619789895,248.85708702040904,293620.2228680998,-21753.11137912132,3617.9447997712273
681,high_ballistic,6,2,65000.0,-15000.0,0.0,3015.969428035619,230.40743149138677,1394.065139291508,74468.49149384824,-14276.646909973279,3952.2804698572677,3156.1638312826262,241.11769667555672,1302.7118232857524,HIT,0.051244023735956226,162.30064344980335,577247.4164727503,24133.550191314516,87002.44741262526
682,quasi_ballistic,3,3,45000.0,45000.0,0.0,1666.548989261489,53.14411824110261,1073.8316639771438,49999.6469677845,45159.4323547231,3231.349991931433,1666.548989261489,53.14411824110261,1080.4016639771453,HIT,0.1416745726609703,212.85255021619608,397629.5841727038,70048.26326413742,30627.97725988683
683,supersonic_cruise,1,1,30000.0,-35000.0,0.0,1112.5770645723255,52.04231675153766,120.0,33337.73119371701,-34843.8730497456,259.7611575195571,1112.5770645723255,52.04231675153768,64.09553699217709,HIT,0.0051516671650325445,242.98300019155434,300337.3128927855,-22354.601734884913,3381.9398430793217
684,high_ballistic,2,2,10000.0,5000.0,0.0,2772.6898721779453,-93.54372160252277,1588.6013814650883,19220.765391935565,4688.91410487684,4255.095786075773,3073.58846397851,-103.69529837438638,1403.6502620252543,HIT,0.01338227083553393,171.8096964401328,538072.3002485402,-12815.856275837543,101428.49710894609
685,quasi_ballistic,8,3,70000.0,60000.0,0.0,1706.300966328096,-58.91625022177577,1034.7865899217707,75118.90289898438,59823.25124933457,3114.214769765315,1706.300966328096,-58.91625022177577,1041.3565899217722,HIT,0.04086542040847363,200.6117705905145,409376.697845216,20060.67260546777,29307.658822221118
686,supersonic_cruise,8,3,70000.0,60000.0,0.0,969.2926514592402,-31.29311662269494,120.0,72907.87795437733,59906.120650131925,259.7611575195571,969.2926514592402,-31.29311662269494,64.09553699217709,HIT,0.0007673648793025385,251.81163546353972,314079.167774043,52120.02912486887,3730.807170392697
687,high_ballistic,8,2,70000.0,60000.0,0.0,3283.7161928943697,-306.28702365562486,1346.3049942393104,79430.5248380886,59120.372402944195,4174.915155668611,3143.5082793629276,-293.20919901857593,1376.923385222867,HIT,0.013531364027313196,154.91196117452654,556967.0310098265,14578.38888719805,100152.1726556641
688,quasi_ballistic,8,3,70000.0,60000.0,0.0,1433.0747846631846,-46.49108716525201,957.3743443530142,74299.22435398912,59860.52673850441,2881.9780330590447,1433.0747846631846,-46.49108716525201,963.9443443530157,HIT,0.020662839141049858,221.87958891826273,379003.7583129965,-436.6313051882484,31362.676658625795
689,supersonic_cruise,7,2,90000.0,20000.0,0.0,1098.716646816651,-117.41871889086516,120.0,93296.14994045027,19647.74384332748,259.7611575195571,1098.716646816651,-117.41871889086516,64.09553699217709,HIT,0.034374403893819454,225.60275261079153,337873.4983423446,-6489.986216531626,4260.097372383521
690,high_ballistic,5,2,80000.0,-65000.0,0.0,2786.280136877614,320.93202298000233,1458.7861927100125,88767.07197674463,-63990.18260659868,4128.4320053361525,2922.357325581651,336.6057978004903,1361.429001778714,HIT,0.0061489834168858915,159.5823102732316,546356.5331604464,-11283.669761078709,97043.25092973125
691,quasi_ballistic,7,2,90000.0,20000.0,0.0,1580.1559911874726,1.6588571042288762,939.433008493051,94740.46797356248,20004.97657131258,2828.1540254791557,1580.1559911874726,1.6588571042288762,946.0030084930526,HIT,0.0011491655046772151,194.66495897993178,396715.2386455661,32750.697809991663,16578.9437798804
692,supersonic_cruise,6,2,65000.0,-15000.0,0.0,1048.3505798845852,84.53082592533825,120.0,68145.05173965408,-14746.407522224035,259.7611575195571,1048.3505798845852,84.53082592533825,64.09553699217709,HIT,0.0024073051201175736,223.98000948446202,299809.57276113797,3933.2151925678763,1850.2425063811775
693,high_ballistic,9,0,85000.0,-85000.0,0.0,2795.6069882423144,16.849603865080592,1536.1764146763653,93519.58631710877,-84948.6509888043,4492.567023536224,2839.862105702798,17.116337065186304,1482.8073411787382,HIT,0.005735474385436959,163.6811945093125,549832.0212441633,-82198.37741458169,116112.35048455738
694,quasi_ballistic,7,2,90000.0,20000.0,0.0,1535.8079707688987,-155.95390456087182,942.1160486606509,94607.42391230684,19532.13828631735,2836.2031459819545,1535.8079707688987,-155.95390456087182,948.6860486606524,HIT,0.03755685744823317,200.23033018591863,394284.5041723361,42953.52031155895,16981.427570848697
695,supersonic_cruise,6,2,65000.0,-15000.0,0.0,1055.7474698769122,86.73876112891574,120.0,68167.24240963085,-14739.783716613274,259.7611575195571,1055.7474698769122,86.73876112891574,64.09553699217709,HIT,0.0022622991929859976,238.5188661978468,316815.6896102412,5688.830959853651,4289.376294250212
696,high_ballistic,9,2,85000.0,-85000.0,0.0,2685.6421690280326,409.55130874030783,1570.649994286895,93943.4129288877,-83636.1599054886,4200.748422547794,2981.137642962592,454.61336483713154,1385.5344741825945,HIT,0.008619934572543557,159.91463235189144,561727.5293555765,-12300.671850739393,100839.48616982962
697,quasi_ballistic,3,2,45000.0,45000.0,0.0,1702.2583993370104,-185.1592495075085,1029.5278782238809,50106.77519801102,44444.52225147732,3098.4386346716456,1702.2583993370104,-185.1592495075085,1036.0978782238824,HIT,0.04392431169501758,212.33363135664618,402558.8371198573,-11592.15450375087,32376.029938691645
698,supersonic_cruise,6,1,65000.0,-15000.0,0.0,984.2098501684126,-57.55476820647503,120.0,67952.62955050559,-15172.664304619393,259.7611575195571,984.2098501684126,-57.55476820647503,64.09553699217709,HIT,0.00251704619676086,239.58053357497252,300797.5209584748,-28789.002075835786,3216.850188667502
699,high_ballistic,5,2,80000.0,-65000.0,0.0,2971.8066996180255,406.92767431405565,1418.5402198111876,89419.71356266731,-63710.164381400245,3983.6468970467727,3139.904520889066,429.9452061999204,1313.1672990155876,HIT,0.03416187588724465,154.1396456086897,563983.7664818193,1271.5976089401333,90409.45189787142
700,quasi_ballistic,6,2,65000.0,-15000.0,0.0,1483.5110679864683,62.958723769725765,923.7706775120431,69450.53320395958,-14811.123828690797,2781.1670325361315,1483.5110679864683,62.958723769725765,930.3406775120446,HIT,0.01798142093698102,208.31040416270403,367640.69503050385,-57489.02783265211,32909.59715668964
701,supersonic_cruise,9,0,85000.0,-85000.0,0.0,1095.9365292119514,62.20022147491292,120.0,88287.80958763615,-84813.39933557523,259.7611575195571,1095.9365292119514,62.20022147491292,64.09553699217709,HIT,0.01742232553060006,232.79790262893138,340131.72486211127,-70519.91889286728,2123.3627005132194
702,high_ballistic,9,2,85000.0,-85000.0,0.0,3024.0144173074173,388.2015348050373,1442.1155494292084,93683.21176425001,-83885.31082569389,4475.9340884391895,2894.4039214165587,371.5630581021141,1477.2630294797261,HIT,0.002505117271112969,156.12773956353323,536896.7414894889,-26988.69980486738,115672.93436004932
703,quasi_ballistic,3,2,45000.0,45000.0,0.0,1646.9626460962472,-116.0499850656009,1096.5118137490858,49940.88793828865,44651.85004480314,3299.3904412472593,1646.9626460962472,-116.0499850656009,1103.0818137490874,HIT,0.1151283943569224,218.45240461949086,397009.5406018436,-23505.630848489192,33205.96522768124
704,supersonic_cruise,1,2,30000.0,-35000.0,0.0,1014.8832658841123,105.7804692687836,120.0,33044.64979765238,-34682.65859219362,259.7611575195571,1014.8832658841123,105.7804692687836,64.09553699217709,HIT,0.00199314749327741,257.2149970399087,291043.1962904794,-7791.676909101301,1768.0207016264242
705,high_ballistic,2,1,10000.0,5000.0,0.0,3137.7906717214464,-288.45225339031276,1507.8228254707224,19460.117828088987,4130.3459693972945,4456.97140691245,3153.372609362992,-289.8846768675695,1470.94213563748,HIT,0.005303835842072478,164.98110975193316,530246.9123052233,-42825.49483217689,114025.01717228809
706,quasi_ballistic,3,2,45000.0,45000.0,0.0,1565.121658731234,-243.37869412732087,881.0641024645452,49695.36497619367,44269.86391761806,2653.0473073936378,1565.121658731234,-243.37869412732087,887.6341024645467,HIT,0.0004827243268814674,209.37375518250846,363020.92046753754,-36943.391532036665,37973.40770671262
707,supersonic_cruise,9,0,85000.0,-85000.0,0.0,1141.9910017601455,134.93104275687466,120.0,88425.97300528054,-84595.20687172917,259.7611575195571,1141.9910017601455,134.93104275687466,64.09553699217709,HIT,0.014884674932174624,241.65853947665158,360971.87697169767,-52392.7612577133,2931.322035736167
708,high_ballistic,8,2,70000.0,60000.0,0.0,2730.6613389961763,-184.0174680072366,1511.4130358338416,78933.65125650569,59397.967129498866,4113.663854560578,2977.8837521686555,-200.677623500324,1356.5062848535226,HIT,0.04949484782008486,167.80377231970465,569700.1217480323,26325.538313472185,94449.85105548339
709,quasi_ballistic,1,1,30000.0,-35000.0,0.0,1537.0133387618578,-5.336572129429994,856.1370322008587,34611.040016285566,-35016.00971638836,2578.2660966025783,1537.0133387618578,-5.336572129429994,862.7070322008602,HIT,0.06231757624758007,218.24489449994428,363060.718517384,-6101.328179832994,31968.75326930631
710,supersonic_cruise,7,2,90000.0,20000.0,0.0,1145.8377544772286,-121.93354353674196,120.0,93437.51326343132,19634.199369389826,259.7611575195571,1145.8377544772286,-121.93354353674196,64.09553699217709,HIT,0.008458088982832117,231.23607152014415,354959.0205883604,-8195.433600557517,3408.312689935879
711,high_ballistic,1,0,30000.0,-35000.0,0.0,3112.8330459594486,-100.90754702951445,1463.5653184370035,39644.92582110507,-35312.655960509146,4207.0551806832145,3214.9752737016615,-104.2186535030773,1387.6367268944016,HIT,0.010258869368855398,162.1646618534519,551355.377171446,-51900.583003509324,100809.51577318157
712,quasi_ballistic,6,2,65000.0,-15000.0,0.0,1678.5247899469928,126.34367704642732,1045.8636821097723,70035.5743698409,-14620.968968860725,3147.4460463293194,1678.5247899469928,126.34367704642732,1052.4336821097738,HIT,0.03700365146872578,210.16365359611146,416885.99318591156,-27567.47326732109,33368.72634927037
713,supersonic_cruise,6,1,65000.0,-15000.0,0.0,1050.4773510234515,-69.54639256730049,120.0,68151.43205307068,-15208.639177701953,259.7611575195571,1050.4773510234515,-69.54639256730049,64.09553699217709,HIT,0.013115795284474647,244.04377463480105,321362.45754642016,-31972.364153289724,1671.2906876448405
714,high_ballistic,8,2,70000.0,60000.0,0.0,2992.961133387419,-308.4539100476826,1430.1084886986362,79632.36454450729,59007.29064817671,3955.115195233132,3210.788181502341,-330.9031172744893,1303.656731744374,HIT,0.02237302322858805,149.3484235149868,549526.1517399091,10580.143612380516,89688.63647588874
715,quasi_ballistic,8,2,70000.0,60000.0,0.0,1511.971548684756,-240.56374808154638,1054.1978890891116,74535.91464605444,59278.30875575557,3172.4486672673374,1511.971548684756,-240.56374808154638,1060.7678890891132,HIT,0.011181077694042401,205.51969891984166,370711.7749260339,-26320.69544724194,32300.7586508909
716,supersonic_cruise,1,1,30000.0,-35000.0,0.0,961.7238375223371,-19.713878281691184,120.0,32885.171512567096,-35059.14163484529,259.7611575195571,961.7238375223371,-19.713878281691088,64.09553699217709,HIT,0.0023780735333992285,274.91888864267537,294396.0486997564,-40419.717507124325,3528.2802867111195
717,high_ballistic,4,2,25000.0,85000.0,0.0,2872.8565138954696,-351.6031122054694,1520.6650795297523,33169.81832857192,84000.11241891625,4768.4311958646185,2723.2727761906413,-333.2958603611965,1574.762065288203,HIT,0.01256024239229075,186.23585878759235,532171.0432462913,22928.360257019514,128634.08441016114
718,quasi_ballistic,9,0,85000.0,-85000.0,0.0,1470.206787362897,144.78778256132028,991.3014447134954,89410.62036208896,-84565.63665231602,2983.759334140488,1470.206787362897,144.78778256132028,997.8714447134969,HIT,0.038906871777356127,203.90708315865317,381706.3031077126,-46699.21583585546,21227.107010134707
719,supersonic_cruise,2,2,10000.0,5000.0,0.0,990.4175692885794,-93.61449022497436,120.0,12971.252707865751,4719.156529325082,259.7611575195571,990.4175692885794,-93.61449022497436,64.09553699217709,HIT,0.03204960233963024,252.1000282991876,259684.29601040855,-18600.21568261277,3383.8602289774844
720,high_ballistic,2,1,10000.0,5000.0,0.0,3418.478874865719,-186.1294348755583,1393.8931352117386,20017.53052409491,4454.565213490823,4236.845013030149,3339.176841364969,-181.81159550305173,1397.566671010046,HIT,0.033425653287437226,161.55555965811482,549462.5808577416,-24372.67291621334,102517.787053808
721,quasi_ballistic,2,2,10000.0,5000.0,0.0,1536.6394608932453,60.80804139412989,898.6506849579692,14609.918382679716,5182.424124182417,2705.80705487391,1536.6394608932453,60.80804139412989,905.2206849579708,MISS,18.707653650348607,228.31179047915015,357821.51272515056,-12778.173813883026,33418.95179281695
722,supersonic_cruise,9,0,85000.0,-85000.0,0.0,1168.4844404193107,108.67039335933181,120.0,88505.45332125825,-84673.98881992238,259.7611575195571,1168.4844404193107,108.6703933593319,64.09553699217709,HIT,0.001771979497149185,236.8756856352678,361785.5528920726,-59258.62606319895,4295.193392492125
723,high_ballistic,2,2,10000.0,5000.0,0.0,2948.619604151911,173.83432573434914,1559.862841573074,20096.575653494652,5595.238334059704,4055.7578592160735,3365.525217831554,198.41277801989258,1337.2042864053547,HIT,0.04002266463951717,159.7957466795371,547796.6123808818,36705.51108182117,93134.76644343633
724,quasi_ballistic,1,1,30000.0,-35000.0,0.0,1521.6547430816072,-22.772120034116195,818.2022415563896,34564.9642292448,-35068.31636010218,2464.4617246691714,1521.6547430816072,-22.772120034116195,824.7722415563911,HIT,0.01479163234581772,236.55984452410885,387123.187845963,-49450.52578496059,37720.430819613015
725,supersonic_cruise,4,3,25000.0,85000.0,0.0,1149.01137807561,-214.33441668573374,120.0,28447.03413422678,84356.99674994277,259.7611575195571,1149.01137807561,-214.33441668573374,64.09553699217709,HIT,0.01843142936876881,245.7991562985882,307426.02658338705,32316.781200720026,3445.355555406154
726,high_ballistic,4,4,25000.0,85000.0,0.0,3138.7462334412003,-55.53808318443002,1500.2968112308747,34953.15790315088,84823.88531265053,4213.946662972194,3317.7193010503024,-58.70489578327758,1389.9338876573943,HIT,0.029568407293112168,159.65167377018017,554679.4371209412,75627.66656322732,101581.97260707336
727,quasi_ballistic,9,0,85000.0,-85000.0,0.0,1590.1711719158804,22.215152002402245,877.953699486354,89770.51351574803,-84933.35454399261,2643.716098459064,1590.1711719158804,22.215152002402245,884.5236994863556,HIT,0.03169677598838286,200.0827748507651,400467.26485078444,-64650.68794070804,18874.702834100193
728,supersonic_cruise,9,0,85000.0,-85000.0,0.0,896.4404785903062,94.1075027415434,120.0,87689.32143577113,-84717.67749177496,259.7611575195571,896.4404785903062,94.1075027415434,64.09553699217709,HIT,0.0024654116472824592,256.77049027269004,315179.46126315766,-60835.97038493833,1717.169425195841
729,high_ballistic,1,2,30000.0,-35000.0,0.0,3226.770659960873,391.50765915588676,1359.413222122419,38617.45529038941,-33954.43460222203,4537.09516531833,2872.4850967965044,348.5217992593892,1497.6500551061067,HIT,0.010470992301252596,174.41074244871646,530992.257538512,25785.94388592231,117133.45132875652
730,quasi_ballistic,0,1,15000.0,-75000.0,0.0,1574.1729220278546,258.8454103233979,950.922911342732,19722.518766083595,-74223.46376902977,2862.623734028199,1574.1729220278546,258.8454103233979,957.4929113427336,HIT,0.004017774950051656,243.61672468467214,388271.25526736,21608.033551683355,41444.44246331459
731,supersonic_cruise,6,1,65000.0,-15000.0,0.0,1064.5513508121662,-77.22304070410357,120.0,68193.65405243669,-15231.669122112362,259.7611575195571,1064.5513508121662,-77.22304070410357,64.09553699217709,HIT,0.00579967217349935,253.38316379383426,334739.3890391685,-34567.018370760925,3427.880916643976
732,high_ballistic,7,2,90000.0,20000.0,0.0,2667.581419300857,-246.00661451264088,1496.5195521372204,97559.84171457501,19302.82500357891,4708.439923682497,2519.9472381916626,-232.39166547369544,1554.7649745608287,HIT,0.0010704707089686835,166.9634609320817,510739.112171583,-18800.91653150008,127766.98641992378
733,quasi_ballistic,6,2,65000.0,-15000.0,0.0,1482.392937747731,123.4459883756387,1002.6804182823138,69447.178813243,-14629.662034873072,3017.8962548469435,1482.392937747731,123.4459883756387,1009.2504182823153,HIT,0.0178776691091632,225.83242218081185,399601.88369449455,-13501.06250659505,35752.14976448064
734,supersonic_cruise,1,1,30000.0,-35000.0,0.0,1080.2067149926966,8.104863205914222,120.0,33240.62014497802,-34975.68541038214,259.7611575195571,1080.2067149926966,8.104863205914166,64.09553699217709,HIT,0.034451065510197665,241.70304467828635,291089.2510208838,-33041.02988334395,1616.3811608807987
735,high_ballistic,2,1,10000.0,5000.0,0.0,3106.8801443783855,-244.98649084292686,1537.0574474289479,20357.96079372616,4183.244814984209,4105.231526285511,3452.653597908738,-272.2517283385913,1353.6955087618337,HIT,0.015397480530093786,163.37117308670142,574064.067727145,-39478.082319119516,95047.70884253926
736,quasi_ballistic,6,2,65000.0,-15000.0,0.0,1525.7028160686648,139.2564857467655,833.5558729412656,69577.10844820598,-14582.23054275968,2510.5226188237984,1525.7028160686648,139.2564857467655,840.1258729412672,HIT,0.026125615037861132,207.18502468755713,379607.79419348395,-31143.71858800269,29881.87126596919
737,supersonic_cruise,7,2,90000.0,20000.0,0.0,1105.4193827537122,-125.16601840048318,120.0,93316.25814826082,19624.50194479854,259.7611575195571,1105.4193827537122,-125.16601840048318,64.09553699217709,HIT,0.007393177781745376,217.7866199845597,330745.5507582171,-7259.484090284295,3350.650581713764
738,high_ballistic,1,1,30000.0,-35000.0,0.0,2991.603894345566,-84.33810998402954,1589.8776546115735,39593.17668756973,-35270.44703080552,4418.042973988551,3197.7255625232237,-90.14901026856128,1457.9659913295136,MISS,80.52185123510992,169.30926272624447,571404.555324198,-50263.06042328118,111225.0341438022
739,quasi_ballistic,8,4,70000.0,60000.0,0.0,1715.1703402181765,-16.599363618731445,948.7630131471667,75145.51102065452,59950.2019091438,2856.144039441502,1715.1703402181765,-16.599363618731445,955.3330131471682,HIT,0.0641588335279337,208.6630643301446,422251.68558893504,17037.264587546735,27734.218220927636
740,supersonic_cruise,0,0,15000.0,-75000.0,0.0,1012.9294170635086,92.59843391187954,120.0,18038.78825119049,-74722.20469826425,259.7611575195571,1012.9294170635086,92.59843391187954,64.09553699217709,HIT,0.0031609631604276023,257.8107689825148,276144.1118185245,-51127.12654214243,2880.349973670601
741,high_ballistic,2,2,10000.0,5000.0,0.0,2835.2064512569777,-156.86022211066603,1606.8714952544312,20235.644208165104,4433.704228760234,3961.6909819178168,3411.881402721719,-188.765257079923,1305.848660639269,HIT,0.020241953267183817,157.68120565114572,547989.5717431356,-24764.72991363031,88593.56966682611
742,quasi_ballistic,4,3,25000.0,85000.0,0.0,1562.734738899179,-240.02047041817994,1005.7660388330736,29688.204216697486,84279.93858874572,3027.1531164992234,1562.734738899179,-240.02047041817994,1012.3360388330751,HIT,0.08009352992640213,223.6437695300142,371733.66725764924,30684.935991767103,36680.50151208916
743,supersonic_cruise,2,2,10000.0,5000.0,0.0,1079.039632007051,27.487859342141412,120.0,13237.11889602113,5082.463578026436,259.7611575195571,1079.039632007051,27.487859342141412,64.09553699217709,HIT,0.0077648188972283955,237.18769529950976,265934.92320913135,11519.78200873248,2429.537475491255
744,high_ballistic,9,2,85000.0,-85000.0,0.0,3192.372995783408,530.9479170526859,1343.2603001506131,94658.98391206429,-83393.54066842177,3951.4814062491573,3219.661304021317,535.4864438595304,1302.4454687497155,HIT,0.07616932188798821,156.3011987494247,588236.9136333631,-1302.837286609386,88344.30066899842
745,quasi_ballistic,6,2,65000.0,-15000.0,0.0,1476.497826828027,-45.95692680572321,791.9862764856001,69429.49348048394,-15137.870780417215,2385.8138294568025,1476.497826828027,-45.95692680572321,798.5562764856016,HIT,0.11241795022244536,215.3031312070827,373066.26126609783,-78810.33394703275,29735.62629753997
746,supersonic_cruise,4,4,25000.0,85000.0,0.0,1133.1806482907873,-14.117116596161303,120.0,28399.5419448724,84957.64865021192,259.7611575195571,1133.1806482907873,-14.117116596161472,64.09553699217709,HIT,0.0019470593388769828,233.97036836112443,290130.6937503349,81697.01303010207,1697.4905023335018
747,high_ballistic,7,1,90000.0,20000.0,0.0,2725.8415153131336,-298.70883775136707,1562.6242184469709,99226.90030939411,18988.878607951483,4110.575699459497,3075.6334364646546,-337.04046401614124,1355.476899819829,HIT,0.04472517511882268,163.90744533826663,594119.2162726835,-35243.43583044973,95220.55730378797
748,quasi_ballistic,1,2,30000.0,-35000.0,0.0,1458.5063294514534,104.81589660464745,892.7506198474408,34375.51898835445,-34685.552310185885,2688.106859542325,1458.5063294514534,104.81589660464745,899.3206198474423,HIT,0.038008851484083395,222.98357421330908,346289.75355708104,32015.360478453396,38862.46404885195
749,supersonic_cruise,0,0,15000.0,-75000.0,0.0,909.4232112889104,85.74856109235331,120.0,17728.269633866712,-74742.75431672257,259.7611575195571,909.4232112889104,85.74856109235331,64.09553699217709,HIT,0.009429980790498987,262.59131249547585,253806.63428986783,-52483.17278413362,3371.8738283713037
750,high_ballistic,2,3,10000.0,5000.0,0.0,2764.7207931638086,240.19697091469104,1597.4278794463985,18885.50753197429,5771.966557887972,4429.204273739605,2961.835843991443,257.3221859626497,1461.6864245798652,HIT,0.025788022936122996,184.6869727494896,557012.4935598399,52524.052897477195,108083.78947879112
751,quasi_ballistic,3,3,45000.0,45000.0,0.0,1389.7243252441772,-3.661653154402022,939.2129416230213,49169.17297573251,44989.01504053676,2827.4938248690655,1389.7243252441772,-3.661653154402022,945.7829416230228,HIT,0.0005722605163118713,231.9213938534149,363194.98440069845,82017.54261331412,35994.7973909388
752,supersonic_cruise,9,0,85000.0,-85000.0,0.0,1151.7035324229578,112.45967763850184,120.0,88455.1105972685,-84662.62096708437,259.7611575195571,1151.7035324229578,112.45967763850184,64.09553699217709,HIT,0.008089855366137967,227.9860603960272,347572.35081386776,-59360.761134418324,2635.0387103541357
753,high_ballistic,3,2,45000.0,45000.0,0.0,3043.9116641821765,-312.5735383989676,1458.561394895693,54496.309914869926,44024.84187476541,4163.551330873945,3165.4366382899184,-325.0527084115788,1373.135443624645,HIT,0.038614647908575675,157.65701812417922,544053.2976536934,-6246.835571603375,99206.92205802095
754,quasi_ballistic,1,1,30000.0,-35000.0,0.0,1599.5954096759658,62.272706060691156,997.1603960366605,34798.7862290279,-34813.18188181773,3001.336188109984,1599.5954096759658,62.272706060691156,1003.730396036662,HIT,0.014443886692427944,216.28559162188378,372730.54624053655,-56532.47065886123,35836.85486355655
755,supersonic_cruise,2,2,10000.0,5000.0,0.0,1111.5341637801798,-56.11840649895029,120.0,13334.602491340593,4831.6447805031385,259.7611575195571,1111.5341637801798,-56.11840649895029,64.09553699217709,HIT,0.03277929621531891,235.2008582391642,271433.7880772572,-8199.097396878595,3407.802385026107
756,high_ballistic,6,2,65000.0,-15000.0,0.0,2771.9190710071052,2.0081142461281796,1612.0989647952335,74913.353833681,-14992.818279844942,4012.753549021901,3304.4512778936037,2.393906718338533,1322.8695163406303,HIT,0.010001038202901696,149.46749817432715,558908.0641321407,-14642.188261072695,92544.5174012729
757,quasi_ballistic,8,3,70000.0,60000.0,0.0,1585.985379273815,-85.71892529485118,1094.219864861934,74757.95613782131,59742.84322411564,3292.5145945858044,1585.985379273815,-85.71892529485118,1100.7898648619355,HIT,0.0071866271541504035,230.37210621956422,424905.1655397306,-7940.525477248246,33192.010282512085
758,supersonic_cruise,7,2,90000.0,20000.0,0.0,1065.0581383813794,-13.850160106897283,120.0,93195.17441514385,19958.449519679343,259.7611575195571,1065.0581383813794,-13.850160106897283,64.09553699217709,HIT,0.0036431005191960558,221.38144311179593,325784.10755390604,16933.83157065305,2529.519753959459
759,high_ballistic,8,4,70000.0,60000.0,0.0,2851.802622279387,20.42648094209401,1533.0338880360948,78188.79760100215,60058.65353963454,4760.857208466691,2729.5992003339347,19.551179878154212,1572.2374028222268,HIT,0.007703569835719896,174.68855103857427,546829.728609733,63415.367715296976,130111.54812995259
760,quasi_ballistic,1,2,30000.0,-35000.0,0.0,1420.5680548461237,141.49494122291105,870.0675719147148,34261.70416453838,-34575.515176331246,2620.057715744146,1420.5680548461237,141.49494122291105,876.6375719147163,HIT,0.032366683379162146,232.03949963536178,355128.70332975284,18914.576175987044,36424.44325970303
761,supersonic_cruise,9,0,85000.0,-85000.0,0.0,1183.4758229871766,56.40497633339595,120.0,88550.42746896128,-84830.7850709997,259.7611575195571,1183.4758229871766,56.40497633339595,64.09553699217709,HIT,0.019937116946467683,230.4077920268467,357682.05033668195,-72003.8539421823,4449.0500715145645
762,high_ballistic,5,0,80000.0,-65000.0,0.0,3175.7056324152345,-37.85458259517304,1390.9946732473056,89190.43773620157,-65109.55051400859,4281.710602047886,3063.4792454004896,-36.51683800283923,1412.521867349292,HIT,0.027124274933091184,159.04839108493388,567241.4430278826,-70807.944311123,105261.35299586038
763,quasi_ballistic,3,2,45000.0,45000.0,0.0,1448.9259726040718,-181.18671676831795,792.8997172193832,49346.77791781214,44456.43984969516,2388.5541516581516,1448.9259726040718,-181.18671676831795,799.4697172193847,MISS,25.05823860143791,210.29958408844757,350613.1021885069,37996.42398204349,37918.427350410835
764,supersonic_cruise,0,1,15000.0,-75000.0,0.0,1136.9590217876078,161.82433407477333,120.0,18410.877065362874,-74514.52699777525,259.7611575195571,1136.9590217876078,161.82433407477333,64.09553699217709,HIT,0.000582607739696404,256.6640003119707,306816.4507503726,-33465.51906866468,4283.023914494277
765,high_ballistic,0,0,15000.0,-75000.0,0.0,2826.036297170439,42.13110697009336,1621.5765716580186,24515.81165148309,-74858.13640150416,4290.084150583551,3171.9372171610416,47.287866165213806,1415.3130501945134,HIT,0.041036821780750396,171.10525152031417,557735.1122839006,-66908.79948783104,103599.42352114897
766,quasi_ballistic,7,2,90000.0,20000.0,0.0,1508.0160358047399,-98.92917497152342,969.8298233909561,94524.04810741427,19703.21247508553,2919.3444701728713,1508.0160358047399,-98.92917497152342,976.3998233909576,HIT,0.05441835953318947,207.64390444841837,402740.9209495691,16080.982513645704,17677.584993578137
767,supersonic_cruise,9,0,85000.0,-85000.0,0.0,1003.5114182709697,57.35512410826125,120.0,88010.53425481281,-84827.93462767557,259.7611575195571,1003.5114182709697,57.355124108261414,64.09553699217709,HIT,0.015454872704827042,231.2479825043033,317059.9904776294,-71736.74326026691,1699.2083442368103
768,high_ballistic,5,2,80000.0,-65000.0,0.0,2839.853503004914,284.1860054615596,1456.4746512615504,87973.79043244,-64202.057553678314,4624.346362948413,2657.9301441466573,265.9808154405346,1526.7337876494676,HIT,0.002908679696839046,175.61678968435567,546777.1589091606,-18289.30321782956,122012.12672713358
769,quasi_ballistic,8,2,70000.0,60000.0,0.0,1359.8963610832393,-224.0901095641998,963.2383130550305,74079.68908325012,59327.72967130761,2899.5699391650933,1359.8963610832393,-224.0901095641998,969.808313055032,HIT,0.005951233267895893,214.01728770338104,339968.74279927823,-44548.69305377801,32697.072983331436
770,supersonic_cruise,5,0,80000.0,-65000.0,0.0,1046.019613347996,74.1870225880505,120.0,83138.05884004367,-64777.438932235964,259.7611575195571,1046.019613347996,74.1870225880505,64.09553699217709,HIT,0.0017066476673109465,228.92185830081448,319456.75376093166,-48016.96892997759,2303.3237954103097
771,high_ballistic,0,0,15000.0,-75000.0,0.0,2678.0789840187526,42.87676887764061,1623.3857357129652,24409.637912306804,-74849.34915198712,4114.144337015071,3136.5459707689492,50.216949337672496,1356.666445671687,HIT,0.07156856163635557,174.24624444413263,561531.3492754142,-66249.88794408321,92597.74372253712
772,quasi_ballistic,6,2,65000.0,-15000.0,0.0,1550.5750081439471,87.07897237553259,962.3221814486677,69651.72502443219,-14738.76308287341,2896.821544346005,1550.5750081439471,87.07897237553259,968.8921814486692,HIT,0.02404571410900728,213.46821409932394,393003.4020874561,-42546.596387233716,33141.08094790934
773,supersonic_cruise,1,1,30000.0,-35000.0,0.0,1022.5353245461463,-1.4969380415103335,120.0,33067.60597363837,-35004.49081412458,259.7611575195571,1022.5353245461463,-1.4969380415103137,64.09553699217709,HIT,0.026651827801959214,259.35683260756866,295201.5220920801,-35388.241109641705,2394.999936061372
774,high_ballistic,2,1,10000.0,5000.0,0.0,2818.2905684287853,-191.9086635405144,1623.9798846852761,19582.556046228055,4347.485477638711,4254.460145873715,3194.1853487426793,-217.50484078710386,1403.4383819579018,HIT,0.010707877199991417,169.26526945600583,550664.6427453373,-31816.014792379654,102003.02139152025
775,quasi_ballistic,0,1,15000.0,-75000.0,0.0,1455.096618254443,181.79460926050973,822.3109935183085,19365.28985476336,-74454.61617221881,2476.7879805549273,1455.096618254443,181.79460926050973,828.88099351831,MISS,64.22445974443646,226.32827011586693,340555.61215602496,-18251.671513392655,37071.42638060992
776,supersonic_cruise,8,3,70000.0,60000.0,0.0,1065.4959813975156,-32.719450487293294,120.0,73196.4879441922,59901.84164853796,259.7611575195571,1065.4959813975156,-32.719450487293294,64.09553699217709,HIT,0.011843292234809663,239.54263915874046,325231.71898384806,52162.29648313469,2713.552666159653
777,high_ballistic,0,1,15000.0,-75000.0,0.0,3040.3871471333837,214.53935872318633,1442.1961560596237,23539.085243513637,-74397.45506622334,4577.3701603898335,2846.361747837893,200.84831125901331,1511.0750534632743,HIT,0.00424740201509285,178.61122506700173,523392.1585351459,-39126.2374369587,118672.33604238801
778,quasi_ballistic,2,2,10000.0,5000.0,0.0,1674.1688325730981,-146.61937720842516,945.9379808756622,15022.50649771926,4560.1418683747215,2847.668942626989,1674.1688325730981,-146.61937720842516,952.5079808756637,HIT,0.00844025279350258,219.67678808737432,377474.2357961916,1344.7229397705978,38280.90117381637
779,supersonic_cruise,2,2,10000.0,5000.0,0.0,1100.9874021197875,79.68952245721312,120.0,13302.96220635937,5239.0685673716325,259.7611575195571,1100.9874021197875,79.68952245721312,64.09553699217709,HIT,0.0016174668743391615,239.2640069766433,273426.65751072054,24066.83445553573,2148.3788023079937
780,high_ballistic,2,2,10000.0,5000.0,0.0,3266.7154420328416,-159.8787490532492,1370.5066896954186,19784.534229492347,4521.12783606688,4073.9353658782247,3261.511409830788,-159.6240546443663,1343.2634552927382,HIT,0.02798229347366243,160.44774536293338,533302.1503003142,-20611.315683362005,93973.82997904927
781,quasi_ballistic,5,1,80000.0,-65000.0,0.0,1682.956577720395,237.52267838348246,949.0174169838806,85048.86973316141,-64287.431964849384,2856.907250951644,1682.956577720395,237.52267838348246,955.5874169838821,HIT,0.048429880204208464,207.03692999881616,429864.82051902823,-34671.53666819923,22362.91430520866
782,supersonic_cruise,6,2,65000.0,-15000.0,0.0,965.3072710114535,-2.320056044720808,120.0,67895.92181303422,-15006.96016813421,259.7611575195571,965.3072710114535,-2.3200560447207894,64.09553699217709,HIT,0.001211529617175651,229.77888404052342,286807.2274526547,-15533.09989012051,2271.2876635254524
783,high_ballistic,5,2,80000.0,-65000.0,0.0,2917.57793470127,297.4908333932171,1519.2266710226459,89912.19147402007,-63989.30339879313,3980.4100162370078,3304.0638246732533,336.8988670690191,1312.0883387456659,HIT,0.030724193990846704,153.3767822436896,586766.6744061115,-13327.53738023675,90370.4194370776
784,quasi_ballistic,8,3,70000.0,60000.0,0.0,1734.0497438615857,-47.26249748842731,960.8108185432584,75202.14923158463,59858.21250753477,2892.2874556297775,1734.0497438615857,-47.26249748842731,967.3808185432599,HIT,0.05058074076085023,221.84034858276306,452666.42081306444,38185.73583458617,28335.06154521634
785,supersonic_cruise,0,0,15000.0,-75000.0,0.0,1167.176011619875,157.62020250114068,120.0,18501.528034859657,-74527.13939249661,259.7611575195571,1167.176011619875,157.62020250114068,64.09553699217709,HIT,0.03605786960929142,238.75419430385526,293668.1667363212,-37367.515460832175,4151.268082572666
786,high_ballistic,7,2,90000.0,20000.0,0.0,2683.2526210044266,-59.64975383331082,1591.0200908508893,98609.57701742562,19808.605740034327,4418.557335068358,2869.8590058086056,-63.79808665525982,1458.1374450227827,HIT,0.005226268222268782,154.0583709241598,532125.8028301746,10171.37077393079,112757.04014495677
787,quasi_ballistic,8,3,70000.0,60000.0,0.0,1729.4061814914025,-102.11082184647158,1037.0355240057427,75188.21854447451,59693.66753446069,3120.96157201723,1729.4061814914025,-102.11082184647158,1043.6055240057442,MISS,25.624199543490743,205.1609196712446,419644.87137380714,2968.8733814119328,29276.035163588276
788,supersonic_cruise,6,2,65000.0,-15000.0,0.0,1059.150969390773,-17.029412444769992,120.0,68177.45290817227,-15051.088237334261,259.7611575195571,1059.150969390773,-17.029412444769992,64.09553699217709,HIT,0.012127918034522915,230.09330607736698,308703.5476900949,-18918.35382957643,3745.0764563567445
789,high_ballistic,1,2,30000.0,-35000.0,0.0,2939.6965351742756,179.4793458270266,1510.8368412181824,39433.74809532281,-34424.03478842563,4193.048535611038,3144.582698440922,191.98840385805462,1382.9678452036756,HIT,0.008431566900248821,163.41638518608508,543876.3367240836,-3625.9494136007706,99821.34793584741
790,quasi_ballistic,2,2,10000.0,5000.0,0.0,1555.61650439818,-109.04410474046348,953.6205028864802,14666.849513194502,4672.8676857786195,2870.7165086594428,1555.61650439818,-109.04410474046348,960.1905028864817,HIT,0.022362946048538584,216.33117618699742,346484.2394543856,3411.2356805553595,30439.552649418954
791,supersonic_cruise,2,2,10000.0,5000.0,0.0,944.7696439715268,82.68076963306324,120.0,12834.308931914566,5248.042308899185,259.7611575195571,944.7696439715268,82.68076963306324,64.09553699217709,HIT,0.002757168990428448,248.97102304175297,245220.2648704462,25585.11579874561,1640.0558363967384
792,high_ballistic,9,2,85000.0,-85000.0,0.0,2838.628801823298,488.95297471937255,1494.7744923707432,93495.96773871686,-83536.57206032105,4450.691905093764,2831.9892462388702,487.80931322628294,1468.8489683645846,HIT,0.024414920358833643,167.0539925466496,558095.1090061701,-3509.5107417293193,113409.48142680405
793,quasi_ballistic,9,0,85000.0,-85000.0,0.0,1634.5642020632895,0.2601102870014899,960.8000763557716,89903.69260618958,-84999.21966913884,2892.255229067317,1634.5642020632895,0.2601102870014899,967.3700763557731,HIT,0.016560010664436346,195.92723548410981,403165.59692535864,-69866.51421014534,19529.719929125
794,supersonic_cruise,1,1,30000.0,-35000.0,0.0,941.9095493855903,44.26798114648474,120.0,32825.7286481568,-34867.19605656035,259.7611575195571,941.9095493855903,44.26798114648474,64.09553699217709,HIT,0.0031215757584583397,257.7689520832777,272795.03763359215,-23589.088891447085,3738.9429929625767
795,high_ballistic,3,2,45000.0,45000.0,0.0,2938.586931451541,-215.86429542264406,1549.7024716998446,54215.520305454265,44323.04136508639,4403.289059096974,3071.840101818141,-225.65287830448892,1453.0480196989881,HIT,0.006086832115204611,161.41404926229387,540838.1489877073,8576.45564665656,111495.48458790439
796,quasi_ballistic,1,2,30000.0,-35000.0,0.0,1498.2273379009723,85.73343890000433,1035.5567930153768,34494.682013703,-34742.79968329982,3116.5253790461325,1498.2273379009723,85.73343890000433,1042.1267930153783,HIT,0.0380117123713086,216.0137679079757,348360.2098879607,16659.30471363238,30574.05998771381
797,supersonic_cruise,9,0,85000.0,-85000.0,0.0,1092.369594509577,54.446737937066366,120.0,88277.10878352897,-84836.65978618868,259.7611575195571,1092.369594509577,54.446737937066366,64.09553699217709,HIT,0.03678075356251971,236.35466187607412,343186.64499774517,-72131.25965827558,2030.0285885390058
798,high_ballistic,5,2,80000.0,-65000.0,0.0,3102.65734862956,287.50874875039807,1423.7211378061108,88968.56135142792,-64168.92535575069,4388.658445024055,2989.5204504760445,277.0248814164864,1448.1711483413483,MISS,60.78579110314735,155.31745401146256,544324.7047500855,-21973.200821566323,111171.42753473955
799,quasi_ballistic,0,1,15000.0,-75000.0,0.0,1431.5199421806751,231.49314412995864,932.1999668118086,19294.559826542027,-74305.52056761022,2806.454900435428,1431.5199421806751,231.49314412995864,938.7699668118101,HIT,0.030383945404287134,230.8442369694732,345352.8079594216,-44620.50217279283,31107.219199014617
800,supersonic_cruise,1,2,30000.0,-35000.0,0.0,1038.087256645121,86.62686279914136,120.0,33114.261769935256,-34740.1194116025,259.7611575195571,1038.087256645121,86.62686279914136,64.09553699217709,HIT,1.0422948415382741e-05,242.17540706798243,281399.2039497102,-14021.104238613298,3309.666401777727
801,high_ballistic,6,2,65000.0,-15000.0,0.0,2695.994744445101,260.0498798736888,1620.510146578869,74376.8282550943,-14095.53122595742,4149.168610613175,3125.6094183647756,301.4895913475256,1368.3412035377212,HIT,0.02919837893365648,163.48638826963142,575994.5930684269,34289.43829476966,97416.7304920269
802,quasi_ballistic,0,0,15000.0,-75000.0,0.0,1502.2551761799332,33.732520095307706,944.16004632409,19506.765528539727,-74898.80243971391,2842.335138972272,1502.2551761799332,33.732520095307706,950.7300463240915,HIT,0.04154944336044556,222.4406419625851,344371.1051679546,-113588.28055647461,30866.74508112771
803,supersonic_cruise,3,3,45000.0,45000.0,0.0,945.3469720311031,-5.64172251121202,120.0,47836.040916093334,44983.07483246637,259.7611575195571,945.3469720311031,-5.64172251121202,64.09553699217709,HIT,0.0024283903399044218,267.72020413465066,298088.48444200837,43489.59689789495,4049.813683249675
804,high_ballistic,2,2,10000.0,5000.0,0.0,2939.984378685334,91.51392833781271,1592.0983932906404,19337.81930589699,5290.661587519535,4467.261600450774,3112.606435299002,96.88719583984384,1474.3722001502547,HIT,0.02189248053490108,171.68450954814173,544386.3073145357,21634.02899236282,113601.88480120465
805,quasi_ballistic,1,2,30000.0,-35000.0,0.0,1593.5234350956425,84.74101635935686,1107.1454301881777,34780.57030528699,-34745.77695092201,3331.291290564535,1593.5234350956425,84.74101635935686,1113.7154301881792,HIT,0.10597070375256977,218.45002575844126,376538.72493963275,-3035.996729551205,30882.74090173324
806,supersonic_cruise,6,1,65000.0,-15000.0,0.0,1078.6013500483741,-55.67789141700648,120.0,68235.80405014487,-15167.033674250997,259.7611575195571,1078.6013500483741,-55.67789141700648,64.09553699217709,HIT,0.008592348583225388,253.6867001398494,338626.81687141175,-29124.740539885323,3656.9679920146846
807,high_ballistic,0,1,15000.0,-75000.0,0.0,3032.8578065540287,189.70194540868505,1540.970393305008,23619.685453348524,-74460.8480833561,4835.603456098599,2873.228484449537,179.7173055478739,1597.1528186995297,HIT,0.005402376838421879,180.68638155636663,534153.2580132259,-42527.53071390617,133765.0495787923
808,quasi_ballistic,6,1,65000.0,-15000.0,0.0,1407.34645012888,-106.9435369341974,877.8131655536394,69222.03935038648,-15320.830610802586,2643.2944966609202,1407.34645012888,-106.9435369341974,884.3831655536409,HIT,0.00278857859719451,238.5130664361975,398687.6850163138,-46956.705618672946,34017.97730174393
809,supersonic_cruise,5,0,80000.0,-65000.0,0.0,941.7900637698885,-16.126110446191127,120.0,82825.37019131007,-65048.37833133861,259.7611575195571,941.7900637698885,-16.126110446191127,64.09553699217709,HIT,0.01510946354413173,258.0467336635473,323025.8490676722,-69161.29012057549,3585.767678653594
810,high_ballistic,5,2,80000.0,-65000.0,0.0,3192.658551545358,517.4820179536748,1346.911832530883,88748.87993071432,-63581.93791528698,4379.514546051725,2916.2933102382067,472.68736157093855,1445.1231820172384,HIT,0.010545601576356731,163.0106807163659,555386.9569582255,12053.086462548628,110029.8989452502
811,quasi_ballistic,5,0,80000.0,-65000.0,0.0,1725.0948809102413,-51.41058261967543,941.478747644515,85175.28464273055,-65154.23174785916,2834.2912429335474,1725.0948809102413,-51.41058261967543,948.0487476445165,HIT,0.053882420971010064,196.72295242213755,416098.803225539,-58141.433786729656,21555.233130553534
812,supersonic_cruise,4,4,25000.0,85000.0,0.0,1186.3497673007116,-39.99110206191933,120.0,28559.049301902123,84880.02669381385,259.7611575195571,1186.3497673007116,-39.9911020619191,64.09553699217709,HIT,0.013360763602396112,260.5089649348742,334054.74940321234,74581.95938793379,2632.156215371715
813,high_ballistic,8,4,70000.0,60000.0,0.0,2997.8400645313836,33.14228038772809,1491.4342816016983,78295.27573429456,60091.7074788388,4806.776690360388,2765.0919114315634,30.56915961286584,1587.5438967867924,HIT,0.006655027675242817,170.84182212705227,542393.3400180001,65222.491260147755,133084.8959536457
814,quasi_ballistic,1,2,30000.0,-35000.0,0.0,1444.751778247359,90.11755719759819,860.8914251736785,34334.25533474204,-34729.64732840701,2592.5292755210385,1444.751778247359,90.11755719759819,867.46142517368,HIT,0.012091132792698035,234.43007870390858,362154.984903455,22438.917398937534,38559.85736297481
815,supersonic_cruise,6,2,65000.0,-15000.0,0.0,970.4839497521173,57.631087987020635,120.0,67911.45184925661,-14827.106736038913,259.7611575195571,970.4839497521173,57.631087987020635,64.09553699217709,HIT,0.002243899893552819,248.51106663828273,306176.0014282913,-678.0368535521145,2473.3135668072773
816,high_ballistic,9,0,85000.0,-85000.0,0.0,2647.42218485602,1.6872105965952118,1594.3806037625188,93541.79981072404,-84994.55628375552,4403.276863698154,2847.2666035745547,1.8145720816130084,1453.0439545660477,HIT,0.032339555729237725,172.44363051210377,575992.9871861178,-84687.08776940178,109784.18409598587
817,quasi_ballistic,5,1,80000.0,-65000.0,0.0,1554.0891755177456,173.6271721057029,897.2131124100548,84662.26752655319,-64479.11848368269,2701.494337230166,1554.0891755177456,173.6271721057029,903.7831124100562,HIT,0.055901705780170605,219.43669701016546,421741.3219347807,-56658.90504995404,22932.0792306098
818,supersonic_cruise,8,3,70000.0,60000.0,0.0,904.4573085941779,-108.71697988921382,120.0,72713.37192578241,59673.84906033214,259.7611575195571,904.4573085941779,-108.71697988921382,64.09553699217709,HIT,0.002805222764241763,270.76889804675716,314898.9088668074,30562.82315900853,1869.1577705891443
819,high_ballistic,1,0,30000.0,-35000.0,0.0,3135.9201111284647,-179.38345532621787,1400.9875721380988,38995.533128386676,-35514.56980978095,4351.4217064806635,2998.5110427955387,-171.5232699269646,1435.7589021602178,HIT,0.02188218412507035,174.0534762518316,551901.2696358038,-64854.2204296447,106426.15792383128
820,quasi_ballistic,4,4,25000.0,85000.0,0.0,1670.3218624104377,-112.014224461506,908.6669716792078,30010.965587231258,84663.95732661564,2735.855915037626,1670.3218624104377,-112.014224461506,915.2369716792093,HIT,0.06373531857514991,215.03711575811298,381448.3853275322,107623.33040595576,37572.40296417866
821,supersonic_cruise,2,2,10000.0,5000.0,0.0,1013.6263419303763,-18.26044649392064,120.0,13040.879025791182,4945.218660518258,259.7611575195571,1013.6263419303763,-18.26044649392064,64.09553699217709,HIT,0.03570648922256713,272.8038634497224,286521.1807747348,18.479637157289012,2715.6275714977505
822,high_ballistic,2,2,10000.0,5000.0,0.0,3214.393048177205,99.87557424594046,1450.5212671765737,19530.978138130813,5296.140484503339,4358.646475213675,3176.9927127102546,98.71349483444139,1438.1671584045548,HIT,0.007932402112145038,161.62778581535943,523490.29700565804,20954.842955360255,109068.51748998094
823,quasi_ballistic,1,2,30000.0,-35000.0,0.0,1433.0926147307152,147.64796919916571,974.1293859643384,34299.27784419211,-34557.05609240249,2932.2431578930177,1433.0926147307152,147.64796919916571,980.69938596434,HIT,0.0024454096859655257,226.1663734601417,346870.6710308079,-75615.29398950563,30399.87958158571
824,supersonic_cruise,2,2,10000.0,5000.0,0.0,1018.8389330786742,-20.818432069193214,120.0,13056.516799235978,4937.544703792428,259.7611575195571,1018.8389330786742,-20.818432069193214,64.09553699217709,MISS,60.02786423382205,271.37032852423124,286482.65603707766,-649.504749451121,2194.0469133990955
825,high_ballistic,5,0,80000.0,-65000.0,0.0,2871.3857010806473,26.549626378831828,1464.7511270756463,88328.34840101306,-64922.993787175365,4500.908491366412,2776.116133671064,25.668737608282665,1485.5878304554674,HIT,0.005230785424557897,158.8001998797121,520847.7965687957,-60923.79968734018,116893.28228787825
826,quasi_ballistic,6,2,65000.0,-15000.0,0.0,1573.0783299474258,144.89884708585714,979.6761720968706,69719.23498984198,-14565.303458742419,2948.8835162906144,1573.0783299474258,144.89884708585714,986.2461720968721,HIT,0.02898083370178218,221.72007783445468,413857.6557659793,-16666.292797180235,33605.068433839435
827,supersonic_cruise,0,0,15000.0,-75000.0,0.0,1038.8757213212743,96.04181275567387,120.0,18116.627163963884,-74711.87456173328,259.7611575195571,1038.8757213212743,96.04181275567387,64.09553699217709,HIT,0.03411118307771017,254.3027174768582,279188.9176231649,-50576.30597038535,3695.60276370031
828,high_ballistic,6,2,65000.0,-15000.0,0.0,2791.092182758204,173.5938735117032,1480.625262267149,73518.43492381478,-14470.190155732816,4322.039010162852,2839.47830793829,176.6032814223845,1425.964670054281,HIT,0.0033402187509199406,162.81518403805705,527310.1829215926,13753.695465325267,106934.76751496061
829,quasi_ballistic,2,2,10000.0,5000.0,0.0,1458.8968073321462,-84.96501607304505,971.7376615427306,14376.69042199639,4745.104951780886,2925.067984628194,1458.8968073321462,-84.96501607304505,978.3076615427321,HIT,0.037248122061647605,229.9112138783603,325028.5392651602,-90506.63824680532,30529.740584913234
830,supersonic_cruise,7,2,90000.0,20000.0,0.0,914.1861562149971,-14.230143079191917,120.0,92742.55846864457,19957.309570762445,259.7611575195571,914.1861562149971,-14.230143079191917,64.09553699217709,HIT,2.647631029595065e-05,252.8756478247994,321175.4164846213,16401.54335022487,1507.0424083845694
831,high_ballistic,0,2,15000.0,-75000.0,0.0,3396.0101560285257,584.9466274329625,1341.2512603464775,23961.504289304958,-73456.42342928506,4530.324284830676,2987.168096435008,514.525523571586,1495.3930949435555,HIT,0.005032558176660234,173.31502028664133,532721.0990520287,14175.000300176995,116937.88677295744
832,quasi_ballistic,4,3,25000.0,85000.0,0.0,1626.7079855540069,-247.03345095190667,1084.2859303298785,29880.123956662064,84258.89964714443,3262.7127909896385,1626.7079855540069,-247.03345095190667,1090.85593032988,HIT,0.03682627742301237,239.41555811187365,407724.12003314286,839.0554230426062,37160.6703823335
833,supersonic_cruise,5,0,80000.0,-65000.0,0.0,1063.1731999693588,-19.068908967180672,120.0,83189.51959990838,-65057.206726901495,259.7611575195571,1063.1731999693588,-19.068908967180672,64.09553699217709,HIT,0.0021169807656688986,221.92107801351978,315940.54273191735,-69231.79283530788,3443.4679699630656
834,high_ballistic,9,0,85000.0,-85000.0,0.0,2760.158511714337,137.36174403459253,1613.9211485257229,94916.32327823027,-84506.50534955639,3998.8962193266043,3305.4410927432978,164.49821681466523,1318.250406442198,HIT,0.04549755132046308,155.83196079608896,600093.3625925699,-59365.92491402273,90900.64913024477
835,quasi_ballistic,1,2,30000.0,-35000.0,0.0,1445.6709045734513,188.5624894643929,959.2446939004041,34337.01271372033,-34434.31253160685,2887.589081701214,1445.6709045734513,188.5624894643929,965.8146939004056,MISS,64.13648890993201,216.0674785050059,339357.0315593841,20197.586179739596,37037.510880665024
836,supersonic_cruise,9,0,85000.0,-85000.0,0.0,923.7019011929597,37.738707307801526,120.0,87771.1057035785,-84886.78387807682,259.7611575195571,923.7019011929597,37.738707307801526,64.09553699217709,HIT,0.0024622072959876434,228.16331008827106,295754.88338565314,-76389.4116221793,2277.6472301551034
837,high_ballistic,8,3,70000.0,60000.0,0.0,3178.396918923077,-78.64421855195815,1393.800569682065,79493.46816660429,59765.09970140425,4155.63343994801,3164.489388868001,-78.30009953187681,1370.4961466493335,HIT,0.055277831969331,166.69505419943832,597504.7250355794,46947.76179036224,97064.38440921663
838,quasi_ballistic,9,1,85000.0,-85000.0,0.0,1465.9366411979304,252.6220303590343,951.9955210650073,89397.80992359418,-84242.13390892284,2865.8415631950243,1465.9366411979304,252.6220303590343,958.5655210650089,HIT,0.004753438942448639,213.01162613014145,398007.1592698231,-45870.026455630454,21090.42241473039
839,supersonic_cruise,2,2,10000.0,5000.0,0.0,1163.3276908622383,-16.65373605423392,120.0,13489.983072586729,4950.038791837305,259.7611575195571,1163.3276908622383,-16.65373605423392,64.09553699217709,HIT,0.009276200224533215,259.18611635690775,311518.3859492085,683.5828272577282,1813.4363216073054
840,high_ballistic,7,3,90000.0,20000.0,0.0,2945.689190740549,136.39253008007742,1359.1659726482715,97818.74785542372,20362.02692579085,4564.409373764022,2606.2492851412594,120.67564193031623,1506.7547912546706,HIT,0.0006663076345750958,171.66510720720655,537402.0629132944,40715.7969631733,119164.3295246872
841,quasi_ballistic,3,3,45000.0,45000.0,0.0,1666.789905403079,-24.94460231700618,1014.0355098737131,50000.36971620939,44925.16619304908,3051.961529621142,1666.789905403079,-24.94460231700618,1020.6055098737146,HIT,0.023359555316565476,221.31984948720367,411572.00701995485,74064.06347295058,37412.71942353291
842,supersonic_cruise,8,3,70000.0,60000.0,0.0,1134.9995113290133,-102.3288606578428,120.0,73404.9985339868,59693.013418026385,259.7611575195571,1134.9995113290133,-102.3288606578428,64.09553699217709,HIT,0.006236268863698509,244.98337427765878,348056.0098825403,34931.13042672264,2182.8944961622747
843,high_ballistic,8,2,70000.0,60000.0,0.0,3150.0070068102486,-457.84926875878,1416.122393621316,78259.94279769075,58799.428457862086,4816.319551025384,2753.314265896849,-400.19051404602993,1590.7248503417911,HIT,0.003348359248714625,162.79166589450088,518216.61594150454,-5147.679630057857,133759.6916515879
844,quasi_ballistic,9,1,85000.0,-85000.0,0.0,1584.0382665567254,235.76220505291363,876.9800579433482,89752.11479967023,-84292.71338484134,2640.795173830047,1584.0382665567254,235.76220505291363,883.5500579433498,HIT,0.02701345345641007,218.1956470606958,430712.8514786114,-38524.68349371372,19601.187505326998
845,supersonic_cruise,0,0,15000.0,-75000.0,0.0,1086.1974223475797,21.203706612881106,120.0,18258.592267042794,-74936.3888801614,259.7611575195571,1086.1974223475797,21.203706612881106,64.09553699217709,HIT,0.00047301453402189355,252.36328068270845,289116.3449891964,-69648.96303671744,2483.313853456991
846,high_ballistic,7,2,90000.0,20000.0,0.0,2773.144332568551,-79.95742402613257,1435.315458104285,98142.97902442311,19765.215384195908,4355.108914982029,2714.3263414743246,-78.2615386013987,1436.9879716606727,HIT,0.0062394922450254115,166.38461368130038,541622.1392620349,6978.484318886156,108200.16308474142
847,quasi_ballistic,9,0,85000.0,-85000.0,0.0,1491.2746926251918,99.09716635028936,929.7816007609923,89473.82407787547,-84702.7085009488,2799.1998022829794,1491.2746926251918,99.09716635028936,936.3516007609938,HIT,0.03269426397123899,199.66133686751735,382199.63254486176,-77765.3099647636,20086.313452076156
848,supersonic_cruise,1,2,30000.0,-35000.0,0.0,1088.3749687376571,83.99035950325352,120.0,33265.12490621288,-34748.02892149033,259.7611575195571,1088.3749687376571,83.99035950325352,64.09553699217709,HIT,0.03459490877467573,232.8033574161176,283377.3453901477,-15446.762364997183,4351.801879047366
849,high_ballistic,5,1,80000.0,-65000.0,0.0,2548.935812826923,99.80304190268076,1603.8330100992741,88978.13852493797,-64648.46288756933,4053.8767082782188,2992.712841645951,117.17903747690904,1336.5772360927363,HIT,0.026611168546782818,164.73910290418164,573016.8261137095,-45696.030812986035,91918.16937960914
850,quasi_ballistic,9,0,85000.0,-85000.0,0.0,1386.0890964141481,98.58161308190405,923.5283232084498,89158.26728924265,-84704.25516075426,2780.4399696253518,1386.0890964141481,98.58161308190405,930.0983232084513,HIT,0.014279202273824081,211.14024988505787,376348.05564337724,-64908.59412881588,21146.985008653588
851,supersonic_cruise,5,1,80000.0,-65000.0,0.0,1013.0389241108838,104.24994190511943,120.0,83039.11677233264,-64687.25017428456,259.7611575195571,1013.0389241108838,104.24994190511943,64.09553699217709,HIT,0.033078473653586175,252.75068458758855,336046.2804245013,-38650.755821125495,2341.3731739959076
852,high_ballistic,4,4,25000.0,85000.0,0.0,3455.6732889475675,8.396448546438686,1338.3794652635604,34817.52161062116,85023.85419805738,4195.725424349524,3272.507203540377,7.951399352554256,1383.860141449838,HIT,0.008848756728864,164.12162870941017,562089.2116791778,86304.99654100566,99830.85284512318
853,quasi_ballistic,3,3,45000.0,45000.0,0.0,1549.832886668493,9.010997530850993,1077.0330208718738,49649.49866000534,45027.032992592576,3240.954062615623,1549.832886668493,9.010997530850993,1083.6030208718753,HIT,0.033957168443963945,234.55750556190944,396420.00449301756,-24225.296195595954,34483.25649011267
854,supersonic_cruise,9,0,85000.0,-85000.0,0.0,1013.778814086409,78.39059070113734,120.0,88041.3364422592,-84764.82822789694,259.7611575195571,1013.778814086409,78.39059070113734,64.09553699217709,HIT,0.005556790489068203,248.7332856938053,337160.5352329324,-65501.650804332065,1608.6190107725747
855,high_ballistic,8,3,70000.0,60000.0,0.0,3008.3712041655212,-102.15230627783828,1392.665905666648,78130.84817196679,59723.908774418815,4593.366766445394,2710.2827239888347,-92.03040852707493,1516.4072554817947,HIT,0.0013309160705334258,168.92943227707298,527846.5218056939,44453.355417459534,121162.67896334841
856,quasi_ballistic,1,1,30000.0,-35000.0,0.0,1606.6260061580751,30.7940267688267,1114.3244139981791,34819.87801847412,-34907.61791969344,3352.82824199454,1606.6260061580751,30.7940267688267,1120.8944139981807,MISS,64.02359139258338,226.3075932871217,391314.61943848734,-57003.0637763211,31519.856029083352
857,supersonic_cruise,2,2,10000.0,5000.0,0.0,1088.5999815504774,18.148680750482892,120.0,13265.799944651408,5054.446042251475,259.7611575195571,1088.5999815504774,18.148680750482892,64.09553699217709,HIT,0.01013847795490472,237.25887225898032,268280.003667632,9305.935529978016,2096.670048234218
858,high_ballistic,4,4,25000.0,85000.0,0.0,3034.711185164122,-64.46326251426431,1423.3775810689083,34014.759121888885,84808.50870204129,4268.322839483317,3004.919707296314,-63.8304326529355,1408.0592798277687,HIT,0.025389546575734508,177.94203002664577,559701.5114000188,73641.88491482669,100480.97129064615
859,quasi_ballistic,7,2,90000.0,20000.0,0.0,1591.687536275002,111.63877906078481,941.8954111431599,94775.06260882539,20334.91633718244,2835.5412334294824,1591.687536275002,111.63877906078481,948.4654111431614,HIT,0.004694092012411985,213.1771057689462,422977.54454155645,78913.23862254119,17297.10013718748
860,supersonic_cruise,7,2,90000.0,20000.0,0.0,1064.2948285760287,17.185811483744153,120.0,93192.88448572828,20051.55743445117,259.7611575195571,1064.2948285760287,17.185811483744153,64.09553699217709,HIT,0.011614038018718843,242.40890155171428,347994.5398048159,24165.99370076163,3550.771491768927
861,high_ballistic,0,0,15000.0,-75000.0,0.0,3086.3252149794184,-15.345315174982336,1426.6918300261607,23461.02707915523,-75042.06851779658,4639.578896684502,2820.3423597183905,-14.022839265667187,1531.8112988948305,MISS,55.38393634601592,182.00714371404135,528322.4567583519,-77552.25673296655,121671.10023856562
862,quasi_ballistic,0,0,15000.0,-75000.0,0.0,1574.4507321957549,7.008033035695699,1096.3451327221471,19723.352196587293,-74978.97590089298,3298.890398166444,1574.4507321957549,7.008033035695699,1102.9151327221487,HIT,0.05511627333964442,235.57796726810832,379998.10064828896,-24394.156363796305,38719.24721286341
863,supersonic_cruise,9,0,85000.0,-85000.0,0.0,934.2849394385967,64.12064621765872,120.0,87802.85481831554,-84807.63806134666,259.7611575195571,934.2849394385967,64.12064621765872,64.09553699217709,HIT,0.03512503461724219,242.85412784847958,311894.95273815223,-69428.03637077201,3267.9774275213986
864,high_ballistic,4,4,25000.0,85000.0,0.0,3043.2377560435875,-104.0305106384677,1523.5642126855678,34047.117475312945,84690.73193545453,4568.275844106514,3015.70582510432,-103.0893548484585,1508.0436147021678,MISS,45.6032059934296,177.48163498506833,560232.3992424869,66703.53422068484,118367.1642544338
865,quasi_ballistic,5,0,80000.0,-65000.0,0.0,1680.6689170811476,75.26130530690497,905.2544565651871,85042.0067512436,-64774.216084079235,2725.618369695564,1680.6689170811476,75.26130530690497,911.8244565651886,HIT,0.06260775460258061,197.24035072892667,410293.2134486551,-70863.45328326819,21319.735901170367
866,supersonic_cruise,9,0,85000.0,-85000.0,0.0,937.1867956984738,31.24867328091378,120.0,87811.56038709509,-84906.2539801572,259.7611575195571,937.1867956984738,31.24867328091378,64.09553699217709,MISS,39.44612134381936,241.89700350042799,311702.6771093543,-77441.03957155078,2482.957813157684
867,high_ballistic,9,0,85000.0,-85000.0,0.0,2844.936143201791,196.13192750096664,1518.4494741234498,94499.63523354614,-84345.08836925408,4048.5412094391536,3166.545077848658,218.30387691520988,1334.7987364797145,HIT,0.01184374137486437,150.7821082642861,562458.3418123705,-52083.68301482464,94184.9229880894
868,quasi_ballistic,9,0,85000.0,-85000.0,0.0,1498.4210653519394,185.50318568113002,810.7863009503307,89495.2631960556,-84443.49044295697,2442.213902850994,1498.4210653519394,185.50318568113002,817.3563009503322,HIT,0.023110862919476772,219.5148038069313,406332.8073826565,-19547.640274833662,19246.905351347872
869,supersonic_cruise,5,1,80000.0,-65000.0,0.0,1017.3156374533963,147.61539643068033,120.0,83051.94691235985,-64557.153810708114,259.7611575195571,1017.3156374533963,147.61539643068033,64.09553699217709,HIT,0.034211053911805935,226.4532574391759,310374.4391256174,-31572.012618843815,1553.8565053696752
870,high_ballistic,4,4,25000.0,85000.0,0.0,2876.709058795146,-75.86981087426948,1580.7520406231095,34771.206974166416,84742.29593261174,4144.311302576278,3257.0689913888054,-85.9013557959924,1366.722100858756,MISS,50.12792479154147,158.8178712948307,542280.7631292229,71357.32997915371,98014.52448353957
871,quasi_ballistic,5,0,80000.0,-65000.0,0.0,1507.7188775436719,-31.786400433889096,844.5646719363241,84523.15663263144,-65095.35920130176,2543.5490158089747,1507.7188775436719,-31.786400433889096,851.1346719363256,MISS,58.57567081889877,211.94275979153687,397004.22105603566,-89310.25411292622,22116.038667398356
872,supersonic_cruise,9,0,85000.0,-85000.0,0.0,920.5526151378617,64.53576067546192,120.0,87761.65784541401,-84806.3927179735,259.7611575195571,920.5526151378617,64.53576067546192,64.09553699217709,HIT,0.013337714597985748,253.1452954685581,318033.5633194059,-68663.07578968123,2015.6144529038088
873,high_ballistic,4,4,25000.0,85000.0,0.0,3155.949474123729,-94.67664112438159,1370.033938258771,33793.36620581011,84736.20414922101,4381.21612701671,2931.1220686033926,-87.93195025974572,1445.6903756722334,HIT,0.0039059754014629687,169.71524200517268,522456.0908187121,70076.60805306828,109070.40775116958
874,quasi_ballistic,5,0,80000.0,-65000.0,0.0,1607.1718329098696,-4.082266359091915,957.6441519228075,84821.51549872942,-65012.24679907711,2882.7874557684245,1607.1718329098696,-4.082266359091915,964.214151922809,HIT,0.03670199266140204,204.0608502593613,406604.6664836551,-69275.80343516465,22898.588400399814
875,supersonic_cruise,6,2,65000.0,-15000.0,0.0,908.5720989667835,90.57648441518246,120.0,67725.71629690015,-14728.270546754466,259.7611575195571,908.5720989667835,90.57648441518246,64.09553699217709,HIT,0.000966786521519518,249.76243967578557,291927.1841008952,7622.60372448925,3693.6638112173387
876,high_ballistic,9,0,85000.0,-85000.0,0.0,2982.8797158317166,104.64807654821075,1430.351226308923,94510.17516622611,-84666.35545727884,3993.539928414024,3170.058388741919,111.2148475738529,1316.4649761380047,HIT,0.03249639698980343,156.48739892552996,581074.1888122706,-67596.27974904166,90500.48573169947
877,quasi_ballistic,7,2,90000.0,20000.0,0.0,1550.3376439132846,-128.0340909155334,957.763964162322,94651.01293173968,19615.897727253396,2883.1468924869687,1550.3376439132846,-128.0340909155334,964.3339641623236,HIT,0.05702240473269529,201.5103133546804,402222.0329111469,11143.522445218183,17139.661779259564
878,supersonic_cruise,3,3,45000.0,45000.0,0.0,1055.6542127674868,-29.263934592593692,120.0,48166.96263830265,44912.2081962222,259.7611575195571,1055.6542127674868,-29.263934592593692,64.09553699217709,HIT,0.0020898261190481146,252.06511026061497,311093.5956158184,37623.583101201075,2906.4579160778967
879,high_ballistic,7,3,90000.0,20000.0,0.0,3044.214621980435,150.96858268464393,1411.9259153872608,98984.06333654362,20445.53734775276,4261.685023885064,2994.6877788479087,148.51244925089216,1405.8466746283514,HIT,0.025314874275166235,165.58900988697906,585887.3814846255,44592.02823235217,103172.33567207179
880,quasi_ballistic,2,2,10000.0,5000.0,0.0,1694.9905656730118,73.95956097042699,1111.2321221503103,15084.971697018991,5221.878682911301,3343.5513664509326,1694.9905656730118,73.95956097042699,1117.8021221503118,HIT,0.02897890591943668,221.20866003963383,384432.62456158677,11864.282478209057,32107.190508183317
881,supersonic_cruise,4,4,25000.0,85000.0,0.0,1069.1330271366799,-8.46574707335137,120.0,28207.399081410113,84974.60275877995,259.7611575195571,1069.1330271366799,-8.46574707335137,64.09553699217709,HIT,0.03404506394064011,269.4013003295708,313025.8263070901,82719.31672533862,3115.135598227294
882,high_ballistic,5,1,80000.0,-65000.0,0.0,2630.3331526794063,111.36579852032602,1626.7045673238954,87946.72820660548,-64663.54310234383,4801.745481747185,2648.909402201965,112.15229921872051,1585.8668272490584,HIT,0.003125579444945735,170.8097919795465,532459.663719753,-45843.28917559724,132800.31045781387
883,quasi_ballistic,7,2,90000.0,20000.0,0.0,1448.102408369055,44.970917973017166,905.4095459822286,94344.30722510704,20134.912753919125,2726.083637946688,1448.102408369055,44.970917973017166,911.9795459822301,HIT,0.006018530437925811,224.06422006901357,405415.26433835225,81320.14143443,17928.49326093185
884,supersonic_cruise,4,4,25000.0,85000.0,0.0,908.6151548120965,-18.821760270411545,120.0,27725.845464436206,84943.53471918846,259.7611575195571,908.6151548120965,-18.821760270411414,64.09553699217709,HIT,0.0015724374585673168,263.06097428750303,264021.1878110393,80048.72940492097,3638.260480861343
885,high_ballistic,3,2,45000.0,45000.0,0.0,2880.117765432698,-66.09571574671843,1459.8819529861416,53240.26417084504,44810.89448325671,4548.145580678033,2746.7547236149603,-63.03517224780404,1501.3335268926744,HIT,0.00783417678086166,176.04433712555314,528550.6141701713,33903.014308117294,117468.42353430297
886,quasi_ballistic,0,1,15000.0,-75000.0,0.0,1398.8375225881844,207.35169683073485,935.9751120247025,19196.51256776462,-74377.94490950822,2817.78033607411,1398.8375225881844,207.35169683073485,942.545112024704,HIT,0.009043220271241782,243.98103342384016,348899.3485572372,6877.0959639185085,38082.19856334495
887,supersonic_cruise,8,4,70000.0,60000.0,0.0,959.092881082904,2.0396637797295396,120.0,72877.27864324872,60006.11899133917,259.7611575195571,959.092881082904,2.0396637797295445,64.09553699217709,HIT,0.03653446361930506,245.50523069963364,305462.31751038233,60500.74806586074,3728.6782387002786
888,high_ballistic,4,3,25000.0,85000.0,0.0,3165.64059600734,-280.38141483695665,1423.4446599011962,34523.92301871296,84156.46425113664,4214.082175324018,3174.6410062376704,-281.1785829544226,1389.9790584413358,HIT,0.047981694368298744,175.8462522688744,583248.7206737364,35555.80675543858,97925.85545980625
889,quasi_ballistic,7,2,90000.0,20000.0,0.0,1546.1902456977086,20.821769109577385,1022.4721138148528,94638.5707370934,20062.46530732882,3077.27134144456,1546.1902456977086,20.821769109577385,1029.0421138148542,HIT,0.07630002980353559,216.55774732399647,421754.47753398516,50876.70281721029,18375.15361118406
890,supersonic_cruise,4,4,25000.0,85000.0,0.0,962.9757056033171,-89.8579557668829,120.0,27888.927116809937,84730.42613269965,259.7611575195571,962.9757056033171,-89.8579557668829,64.09553699217709,HIT,0.008353425906598953,260.5889275572755,275940.80612403667,61584.01166363105,2043.6499624226722
891,high_ballistic,3,2,45000.0,45000.0,0.0,3170.382526630888,-207.79408444733573,1374.3307633453926,53704.56434660315,44429.483047007234,4460.892424026555,2901.521448867655,-190.17231766428932,1472.2491413421817,HIT,0.03457363479357562,177.14364408300318,558986.0799376655,11312.184397842539,112094.6761510366
892,quasi_ballistic,9,1,85000.0,-85000.0,0.0,1699.1189082497413,230.05473179145625,943.1844601469085,90097.35672474897,-84309.83580462605,2839.4083804407273,1699.1189082497413,230.05473179145625,949.75446014691,HIT,0.0035000548735693296,195.4741033596795,416239.4637733529,-44400.88886434949,18965.379029934425
893,supersonic_cruise,6,2,65000.0,-15000.0,0.0,1176.5307031646207,-40.17560633663487,120.0,68529.59210949419,-15120.526819009901,259.7611575195571,1176.5307031646207,-40.17560633663487,64.09553699217709,HIT,0.016988536026687748,230.94634810787065,336715.46855911444,-24278.409602831074,4269.890065914717
894,high_ballistic,5,1,80000.0,-65000.0,0.0,2640.440410864591,199.48310604113823,1543.2925812548374,88034.90746432362,-64392.96933528909,4520.282037752245,2678.302488107803,202.34355490359613,1492.045679250745,HIT,0.016078165152541325,171.70419879675802,539875.7819321905,-30256.76397266677,116632.93243212809
895,quasi_ballistic,4,3,25000.0,85000.0,0.0,1628.8173202632393,-181.4345093824303,910.8926105053373,29886.451960789782,84455.69647185243,2742.532831516014,1628.8173202632393,-181.4345093824303,917.4626105053388,HIT,0.007969257949649066,220.62091540946963,385498.1584021263,73364.09493312979,32119.714726045022
896,supersonic_cruise,5,1,80000.0,-65000.0,0.0,1009.9881506043768,105.04289770641977,120.0,83029.96445181343,-64684.87130688067,259.7611575195571,1009.9881506043768,105.04289770641977,64.09553699217709,HIT,0.0019806816516280312,245.02060443501682,327467.90720990114,-39262.325711910074,3040.901139159348
897,high_ballistic,0,1,15000.0,-75000.0,0.0,2954.016752304683,184.99764244929412,1538.1080314821916,23712.969367134338,-74454.34338163643,4649.131230365612,2904.3231223780826,181.88553945461868,1534.995410121867,HIT,0.014557589068947059,185.1351617778796,552692.3302311486,-41326.592045219164,121511.15167439051
898,quasi_ballistic,4,4,25000.0,85000.0,0.0,1597.487863645076,-2.1360624640091572,1059.1327506403234,29792.463590935222,84993.59181260807,3187.253251920972,1597.487863645076,-2.1360624640091572,1065.702750640325,HIT,0.016625953733672254,227.6801262314017,387667.3657071444,77295.33647781826,33512.89446726976
899,supersonic_cruise,8,3,70000.0,60000.0,0.0,971.6799091467841,-110.01482376134157,120.0,72915.03972744074,59669.95552871609,259.7611575195571,971.6799091467841,-110.01482376134157,64.09553699217709,HIT,0.0004460161854234907,263.22419497735,325769.6618819261,31041.43658035192,4083.189031444056
900,high_ballistic,9,0,85000.0,-85000.0,0.0,2988.7704331004607,184.47400114285844,1363.5662662200339,93898.99828612513,-84450.73271542555,4077.4962995213923,2966.3327620418027,183.0890948580943,1344.450433173794,HIT,0.023869260097010916,167.67941760993773,582392.9476926439,-54299.729972468376,92460.60785063295
901,quasi_ballistic,8,3,70000.0,60000.0,0.0,1746.6023981671592,-57.99926411074346,931.8108782376755,75239.80719450105,59826.002207667916,2805.2876347130295,1746.6023981671592,-57.99926411074346,938.380878237677,HIT,0.063776970069773,209.9874133776723,430497.810502616,2628.495999501957,27153.03731917114
902,supersonic_cruise,5,0,80000.0,-65000.0,0.0,1043.7238277040753,-30.035219086402563,120.0,83131.17148311227,-65090.105657259264,259.7611575195571,1043.7238277040753,-30.035219086402563,64.09553699217709,HIT,0.037824211387814145,235.50585919296026,325803.0752082695,-72073.47006879785,3758.4081388377085
903,high_ballistic,7,3,90000.0,20000.0,0.0,2934.047818763482,160.95866414964362,1461.1531026753457,99431.69469545537,20517.412486987814,4046.725083257514,3143.8982318184376,172.47082899595878,1334.1933610858348,HIT,0.029446411255394392,155.84139571978227,579949.4848305311,46878.093083674044,93383.50867124237
904,quasi_ballistic,7,2,90000.0,20000.0,0.0,1559.0216879372535,45.709094375946385,993.9464163833924,94677.0650638116,20137.127283127775,2991.6942491501795,1559.0216879372535,45.709094375946385,1000.5164163833939,HIT,0.03144692835022534,195.53887113244602,390585.56900944654,57231.774350866246,17206.324846495932
905,supersonic_cruise,8,3,70000.0,60000.0,0.0,1092.8013726677816,-118.05090617634555,120.0,73278.40411800367,59645.847281470924,259.7611575195571,1092.8013726677816,-118.05090617634555,64.09553699217709,HIT,0.008178214553512557,245.78679587709533,338596.1475772117,30984.646013421516,3522.654822474263
906,high_ballistic,2,2,10000.0,5000.0,0.0,3025.2241904886337,-12.665315730491379,1596.5670483580495,19916.7722325951,4958.482729396346,4339.31347704244,3305.590744198374,-13.839090201212533,1431.72282568081,HIT,0.025775909348917103,163.90897313793116,551815.9826506287,2731.6492581129414,107717.5994154554
907,quasi_ballistic,8,3,70000.0,60000.0,0.0,1593.9232184634855,-124.74274494012427,873.0671111997558,74781.76965539082,59625.771765179525,2629.0563335992697,1593.9232184634855,-124.74274494012427,879.6371111997573,HIT,0.10597325247994543,220.35113890473215,415345.23218613,1755.288919973761,27784.182593165475
908,supersonic_cruise,1,1,30000.0,-35000.0,0.0,1159.4524338226713,39.59401422500093,120.0,33478.35730146803,-34881.21795732499,259.7611575195571,1159.4524338226713,39.59401422500093,64.09553699217709,HIT,0.014514927407040442,230.44545751351663,297190.5461084596,-25875.739270156504,2684.395063094538
909,high_ballistic,2,2,10000.0,5000.0,0.0,2999.577032845347,17.740008746529636,1545.9747149921873,18831.17115977563,5052.229048262834,4681.777698242882,2943.723719925217,17.409682754272698,1545.8775660809574,HIT,0.014270569820259076,177.74814798739337,533241.4387668176,8094.5385825515,125037.46867946276
910,quasi_ballistic,9,0,85000.0,-85000.0,0.0,1443.7471130205595,155.43820440575473,811.2988610881562,89331.24133906153,-84533.68538678304,2443.751583264471,1443.7471130205595,155.43820440575473,817.8688610881577,HIT,0.0014247074886152007,219.66895129718196,394458.535987874,-24771.220329933956,19566.939266528672
911,supersonic_cruise,0,0,15000.0,-75000.0,0.0,986.775051456463,97.08594468905858,120.0,17960.325154369442,-74708.74216593249,259.7611575195571,986.775051456463,97.08594468905858,64.09553699217709,HIT,0.0020982729253684854,260.0708991961913,271631.4749980791,-49750.771068167924,1760.8197294108054
912,high_ballistic,9,1,85000.0,-85000.0,0.0,2964.079971310351,227.92756777824448,1349.6534482288846,93144.31647496473,-84373.73003990331,4376.646713782725,2714.7721583214566,208.75665336544898,1444.1672379275715,HIT,0.0038837087495178627,163.83656674358699,529778.9496349354,-50798.02683753529,109767.04763979872
913,quasi_ballistic,5,0,80000.0,-65000.0,0.0,1493.3727434701848,31.023587213266918,916.4475750601798,84480.11823041074,-64906.92923836017,2759.197725180542,1493.3727434701848,31.023587213266918,923.0175750601813,HIT,0.021204955051418097,208.4438389025106,387236.88066042884,-45903.98774995718,23290.46352635887
914,supersonic_cruise,9,0,85000.0,-85000.0,0.0,1133.9257457319236,162.44669551696964,120.0,88401.77723719593,-84512.65991344902,259.7611575195571,1133.9257457319236,162.44669551696964,64.09553699217709,HIT,0.00021548617016929755,216.72529125539063,330750.38750015054,-49793.692600380746,1691.599012423089
915,high_ballistic,1,1,30000.0,-35000.0,0.0,2750.6409722641224,46.056262811455106,1590.6447050305069,39386.653185692994,-34842.83148168033,4150.92130347924,3128.8843952310135,52.3895061065727,1368.9254344930764,HIT,0.008569569635196946,164.12747026635688,543535.8798345737,-26401.44327343005,97378.50894330382
916,quasi_ballistic,7,2,90000.0,20000.0,0.0,1759.202097421683,-35.8609789976045,1014.7306103003202,95277.60629226541,19892.417063007233,3054.0468309009625,1759.202097421683,-35.8609789976045,1021.3006103003218,HIT,0.008592783347800786,198.41163789758633,434030.4349048516,61654.0594600872,16810.427554669077
917,supersonic_cruise,1,1,30000.0,-35000.0,0.0,1077.5842673132843,-56.49502508350496,120.0,33232.75280193983,-35169.485075250705,259.7611575195571,1077.5842673132843,-56.49502508350496,64.09553699217709,HIT,0.000128577116497645,244.11252809944293,293051.8197393437,-48791.14339800191,3781.9840901404214
918,high_ballistic,0,2,15000.0,-75000.0,0.0,2787.9680282883996,486.34291331112235,1587.5584267096299,24505.990923771664,-73341.74162943527,4146.323889544421,3168.6636412571934,552.752790188252,1367.3929631814703,HIT,0.042148520649742886,168.65423992240991,549408.555752733,18224.0919335969,96061.07457550656
919,quasi_ballistic,4,3,25000.0,85000.0,0.0,1466.0772298083123,-198.55941032665535,929.2407104629199,29398.231689424865,84404.32176901988,2797.5771313887626,1466.0772298083123,-198.55941032665535,935.8107104629214,HIT,0.0945901964179502,237.45127155835715,367236.2746535903,12821.09090474381,30841.399783919733
920,supersonic_cruise,5,0,80000.0,-65000.0,0.0,1100.2712007877276,95.30034588879482,120.0,83300.81360236305,-64714.09896233352,259.7611575195571,1100.2712007877276,95.30034588879482,64.09553699217709,HIT,0.006498827690355251,223.3353524131126,325729.45616642566,-43716.063654174606,2517.490355075347
921,high_ballistic,3,2,45000.0,45000.0,0.0,2886.657553733239,-53.45899771468426,1505.2950307374904,53393.11422726576,44844.5650493892,4615.322318177973,2797.704742421913,-51.811650203561236,1523.7257727259878,HIT,0.005357376344203343,172.33396680570365,527139.5558439507,36071.09237504832,121987.9277160815
922,quasi_ballistic,9,0,85000.0,-85000.0,0.0,1429.5198389676411,8.536644423135709,928.9402847487817,89288.5595169026,-84974.39006673056,2796.675854246347,1429.5198389676411,8.536644423135709,935.5102847487832,HIT,0.013903687655737247,214.21634625281925,387052.02196629986,-57429.91954927624,21055.37191036983
923,supersonic_cruise,2,2,10000.0,5000.0,0.0,941.9873165147409,-34.07948609216642,120.0,12825.961949544253,4897.761541723521,259.7611575195571,941.9873165147409,-34.07948609216642,64.09553699217709,HIT,0.036221370647959265,271.30483847260297,265565.7152724875,-4245.929491551833,3156.4644306332484
924,high_ballistic,6,2,65000.0,-15000.0,0.0,2982.63114398658,263.21073138689053,1439.2770046939067,73522.75215819626,-14247.885601439266,4489.072797968821,2840.9173860655187,250.70479952025977,1481.6425993229368,HIT,0.013342256120978072,165.04613176276027,533882.4241628409,26377.855229115048,115783.3973792527
925,quasi_ballistic,2,2,10000.0,5000.0,0.0,1451.5880912993657,28.46529923226961,1008.1778118184907,14354.764273898145,5085.395897696799,3034.3884354554743,1451.5880912993657,28.46529923226961,1014.7478118184922,HIT,0.009751847189815194,235.4760068285371,349795.7869644187,27078.41633040043,38435.36889249805
926,supersonic_cruise,4,4,25000.0,85000.0,0.0,1102.1328707132661,-122.50781832087952,120.0,28306.398612139747,84632.47654503735,259.7611575195571,1102.1328707132661,-122.50781832087952,64.09553699217709,HIT,0.00034730499839159427,249.2625597562686,299720.4605322211,54463.38761475508,3034.6084095615433
927,high_ballistic,0,0,15000.0,-75000.0,0.0,3002.4420345708404,126.62760413727224,1503.352688528083,24883.3017555954,-74583.17302786658,4066.1781235853946,3294.4339185318167,138.9423240445266,1340.677707861795,HIT,0.02846548010859585,168.03164673462047,568569.1547400274,-51653.29650696904,91730.5915594593
928,quasi_ballistic,9,0,85000.0,-85000.0,0.0,1370.376551293059,115.1813434553197,943.0639479240759,89111.12965387903,-84654.455969634,2839.04684377223,1370.376551293059,115.1813434553197,949.6339479240775,HIT,0.015478170404831256,217.0310299091361,382063.30608325626,-66971.03235795425,21783.44352414914
929,supersonic_cruise,2,2,10000.0,5000.0,0.0,1028.4335056100854,-82.36021973401422,120.0,13085.300516830248,4752.919340797944,259.7611575195571,1028.4335056100854,-82.36021973401422,64.09553699217709,HIT,0.03275702702105996,243.60135979182436,260527.79943847522,-15063.061553941116,2216.2813330946965
930,high_ballistic,7,2,90000.0,20000.0,0.0,2950.692595706512,23.27205521654188,1440.4943272326261,98302.75965939596,20065.483704240905,4563.251224749481,2767.5865531319555,21.82790141364218,1506.3687415831569,MISS,79.95223805699364,156.76527716957827,523861.47305787937,23421.856946092455,120217.81466457117
931,quasi_ballistic,9,0,85000.0,-85000.0,0.0,1621.2554184443482,45.64487798883723,1116.057728825079,89863.76625533303,-84863.06536603312,3358.02818647524,1621.2554184443482,45.64487798883723,1122.6277288250806,HIT,0.0719161654626092,207.39786960554767,418489.1253116996,-67292.26312865542,22006.706418628928
932,supersonic_cruise,8,2,70000.0,60000.0,0.0,967.7013501591217,-148.40961416842276,120.0,72903.10405047756,59554.77115749454,259.7611575195571,967.7013501591217,-148.40961416842276,64.09553699217709,HIT,0.0023371425070387464,259.21664776796143,320844.300141606,21529.7573154555,3995.3570636619943
933,high_ballistic,0,2,15000.0,-75000.0,0.0,3029.512717032697,525.4641080784862,1445.0371535510073,23420.19259542234,-73539.53113742435,4635.062209681568,2806.7308651407734,486.82295419182316,1530.3057365605193,HIT,0.008911313740920338,172.19115045283297,498294.21606409503,8826.602761523365,123140.47201785324
934,quasi_ballistic,7,2,90000.0,20000.0,0.0,1575.3300479827162,-160.00746248631634,891.1262408674118,94725.99014394858,19519.977612541043,2683.2337226022373,1575.3300479827162,-160.00746248631634,897.6962408674133,HIT,0.06040162924982197,197.13935388663478,395869.48439788504,47894.84789923514,16210.54456394483
935,supersonic_cruise,0,0,15000.0,-75000.0,0.0,1149.995233591915,5.863430026255593,120.0,18449.985700775724,-74982.40970992134,259.7611575195571,1149.995233591915,5.863430026255634,64.09553699217709,HIT,0.0044483890581635405,238.5316392643779,289310.2480289987,-73601.38642374806,4017.5748122027785
936,high_ballistic,8,4,70000.0,60000.0,0.0,2842.086924424934,89.10546939463562,1453.7588021699703,78076.71421792358,60253.22216761546,4559.878238028198,2692.238072641291,84.4073892051529,1505.2444126760627,HIT,0.007294115916486146,176.34655415999575,544766.9067756435,74884.95217065129,118098.343056634
937,quasi_ballistic,3,3,45000.0,45000.0,0.0,1556.6676559441987,46.55983768402812,906.1739909013711,49670.00296783255,45139.679513052106,2728.3769727041163,1556.6676559441987,46.55983768402812,912.7439909013726,HIT,0.08520721505889385,215.05236649572072,376425.29080391873,84595.25418354277,35548.32123479537
938,supersonic_cruise,5,1,80000.0,-65000.0,0.0,1046.6260371271776,177.0490366121323,120.0,83139.87811138184,-64468.85289016354,259.7611575195571,1046.6260371271776,177.0490366121323,64.09553699217709,HIT,0.008376829706872884,230.98857503608076,321758.65664730314,-24103.6953154925,2334.142064941012
939,high_ballistic,1,2,30000.0,-35000.0,0.0,3019.985822670431,317.56931872363225,1517.7808178591426,39219.81313709155,-34030.48227752399,4430.2503433003585,3073.2710456971604,323.17257415867675,1462.0351144334493,HIT,0.011628972506706714,160.09514664954202,522015.7780637316,16738.358644712574,113058.95504254154
940,quasi_ballistic,9,1,85000.0,-85000.0,0.0,1652.175218005498,244.13788750668115,1032.3385271240388,89956.5256540163,-84267.58633747959,3106.870581372119,1652.175218005498,244.13788750668115,1038.9085271240403,HIT,0.02198209134865566,202.99358988205077,417769.68115493504,-27680.45464798593,20606.4188733771
941,supersonic_cruise,3,3,45000.0,45000.0,0.0,1087.0925553092602,-12.603643391605534,120.0,48261.27766592763,44962.18906982511,259.7611575195571,1087.0925553092602,-12.603643391605498,64.09553699217709,HIT,0.002511898484716727,241.81851531490975,307879.1078340666,41952.20566795474,3562.1186492914912
942,high_ballistic,2,2,10000.0,5000.0,0.0,3194.015495980126,169.5146094059048,1511.5142894293774,20075.60502742977,5534.738248108861,4268.271023375933,3358.5350091432606,178.2460827029498,1408.042007791974,HIT,0.03604588012983568,163.39101646056494,558754.4466916267,34123.80264479986,103923.09559000906
943,quasi_ballistic,4,4,25000.0,85000.0,0.0,1394.1002652874333,1.5454187781673057,958.9851828214025,29182.300795862247,85004.63625633478,2886.8105484642097,1394.1002652874333,1.5454187781673057,965.5551828214041,HIT,0.04494321201214684,238.20542152275365,353864.9103959492,115817.4662536641,40962.91772959962
944,supersonic_cruise,0,0,15000.0,-75000.0,0.0,934.2144046868565,14.224414738762446,120.0,17802.64321406059,-74957.32675578387,259.7611575195571,934.2144046868565,14.224414738762512,64.09553699217709,HIT,0.001332368445327216,255.67896437855805,253858.9714423436,-71363.11637038994,3782.038619797726
945,high_ballistic,5,2,80000.0,-65000.0,0.0,3035.733543730077,443.5534435040959,1341.6860985700175,87674.00717706798,-63878.74470541283,4732.631018767759,2558.0023923558538,373.75176486241656,1562.8286729225827,HIT,0.0019226840615310173,169.58604354736454,513801.50504123245,-1616.9173317111793,128959.8705429454
946,quasi_ballistic,3,3,45000.0,45000.0,0.0,1537.7244380036452,39.21658968847495,1024.1530597695285,49613.17331401093,45117.64976906532,3082.3141793085874,1537.7244380036452,39.21658968847495,1030.72305976953,HIT,0.011261237520490209,233.67798928786172,399349.4478458485,4232.574994840768,34417.025253368905
947,supersonic_cruise,3,2,45000.0,45000.0,0.0,1064.6786517877008,-75.68612783414427,120.0,48194.03595536307,44772.94161649741,259.7611575195571,1064.6786517877008,-75.68612783414427,64.09553699217709,HIT,0.0008858670787638042,254.5716699133743,316037.0223463697,25732.456046581097,3607.253025606152
948,high_ballistic,8,2,70000.0,60000.0,0.0,2711.759960251276,-255.54627780949602,1506.7244079877005,77769.53019465815,59267.828070818796,4688.814827057528,2589.8433982194974,-244.05730972706124,1548.2232756858396,HIT,0.000632819373609621,166.86556761905823,502155.6886486397,19275.238549115005,126680.613741727
949,quasi_ballistic,1,2,30000.0,-35000.0,0.0,1507.1659586807991,196.67996867072569,895.4765246523154,34521.49787604243,-34409.96009398761,2696.284573956949,1507.1659586807991,196.67996867072569,902.046524652317,HIT,0.016740395511445356,226.4734609951865,358893.76417216635,53687.35123215515,41299.59573595667
950,supersonic_cruise,7,2,90000.0,20000.0,0.0,1043.513148732346,-78.4533832695284,120.0,93130.53944619693,19764.639850191452,259.7611575195571,1043.513148732346,-78.4533832695284,64.09553699217709,HIT,0.012204503619692997,223.09361122644665,322801.11640199734,2497.551411020955,1591.4835492367756
951,high_ballistic,7,2,90000.0,20000.0,0.0,2776.2653672991746,97.83177297642409,1561.9553432894197,99054.73239804909,20319.0763155288,4266.045628271873,3018.244132683015,106.35877184295434,1407.3002094239544,HIT,0.003249314842774037,152.41320865156808,550020.2725338482,36210.481136376606,105034.56238273249
952,quasi_ballistic,1,1,30000.0,-35000.0,0.0,1634.617881909671,42.217661156763064,1036.7129370553869,34903.85364572896,-34873.34701652973,3119.993811166163,1634.617881909671,42.217661156763064,1043.2829370553884,HIT,0.0613243849416171,225.88686208383024,391704.07566465833,-77964.83959355904,40248.18900378485
953,supersonic_cruise,9,0,85000.0,-85000.0,0.0,1147.33470151207,113.25325487660433,120.0,88442.00410453603,-84660.24023537058,259.7611575195571,1147.33470151207,113.25325487660436,64.09553699217709,HIT,0.01178028085664627,230.9404665546715,349966.0108595718,-58845.24046902827,2366.8051735750787
954,high_ballistic,2,1,10000.0,5000.0,0.0,3072.5477880275735,-207.99873419965053,1440.704382461995,19061.199178258103,4386.5944195391785,4352.590662472825,3020.399726086046,-204.46852682026724,1436.148554157605,HIT,0.00872475887929727,169.93027438164899,523257.35332992463,-29745.39235039134,107407.93214319849
955,quasi_ballistic,6,2,65000.0,-15000.0,0.0,1530.4270890323237,117.4698492416052,826.2235045638447,69591.28126709693,-14647.59045227518,2488.525513691536,1530.4270890323237,117.4698492416052,832.7935045638462,HIT,0.05544475884042907,210.2401419208392,384495.1273173437,-36812.024571200775,29741.108784548127
956,supersonic_cruise,0,1,15000.0,-75000.0,0.0,1143.9935088828443,185.7181421954839,120.0,18431.98052664855,-74442.84557341336,259.7611575195571,1143.9935088828443,185.7181421954839,64.09553699217709,HIT,0.01659931216236355,236.34805669728266,285380.6420606368,-31105.877995267118,3657.5257970674356
957,high_ballistic,6,1,65000.0,-15000.0,0.0,2930.61729825684,-96.03939556705453,1511.2330282032656,73460.52670202887,-15277.260313424413,4667.099617641471,2820.17556734299,-92.42010447481452,1540.9848725471536,HIT,0.0013387320855418963,166.5203717194485,534616.6836971692,-30389.83010615073,125495.15828836612
958,quasi_ballistic,7,2,90000.0,20000.0,0.0,1718.6016970287615,-150.12500472812485,1060.4983965667598,95155.80509108637,19549.62498581568,3191.3501897002816,1718.6016970287615,-150.12500472812485,1067.0683965667613,HIT,0.05376564848041301,199.0862897222396,431759.88477092213,23041.521292065132,17371.842361694027
959,supersonic_cruise,0,0,15000.0,-75000.0,0.0,1130.5209717735913,124.09503952482588,120.0,18391.562915320756,-74627.71488142549,259.7611575195571,1130.5209717735913,124.09503952482588,64.09553699217709,HIT,0.001508605815510661,257.2759219275881,305855.8252069615,-43073.33429674944,3422.5616577187693
960,high_ballistic,1,2,30000.0,-35000.0,0.0,3014.2952161426783,187.6762096579556,1563.6176251892198,38960.2838138595,-34442.11433085948,4689.951266208252,2986.761271286472,185.96188971348892,1548.60208873608,HIT,0.024665665046551533,172.55007562906027,545365.8810308536,-2912.262965740522,126250.41055771965
961,quasi_ballistic,7,2,90000.0,20000.0,0.0,1452.1593694039975,-101.63462292579287,981.4411003595059,94356.47810821189,19695.096131222672,2954.1783010785202,1452.1593694039975,-101.63462292579287,988.0111003595074,HIT,0.02843272917626138,217.9408725686804,405638.7831899332,26322.450156926738,18446.17817978494
962,supersonic_cruise,7,2,90000.0,20000.0,0.0,948.1487398308044,-118.56412232072053,120.0,92844.44621949282,19644.30763303775,259.7611575195571,948.1487398308044,-118.56412232072053,64.09553699217709,HIT,0.0007830011484712934,238.96155119049146,316571.0936048997,-8332.266585862284,2001.9037492390084
963,high_ballistic,8,4,70000.0,60000.0,0.0,2834.7325749467313,-10.545093035679573,1601.2262300870168,78645.56676391367,59967.83883366035,4680.985752456323,2881.855587971117,-10.72038877992558,1545.6135841521043,HIT,0.017545804380127827,176.63484290031803,579036.1075793409,58106.4072322166,125172.23933717972
964,quasi_ballistic,7,3,90000.0,20000.0,0.0,1619.727501510618,115.05504216547567,1014.4291283022378,94859.18250453193,20345.16512649643,3053.1423849067164,1619.727501510618,115.05504216547567,1020.9991283022393,HIT,0.07179695574332007,213.0040887203766,430982.20408386656,68852.26908282342,17855.586227089872
965,supersonic_cruise,1,2,30000.0,-35000.0,0.0,1001.7967520541056,119.16636430633605,120.0,33005.39025616221,-34642.50090708112,259.7611575195571,1001.7967520541056,119.16636430633605,64.09553699217709,HIT,0.0003757348324669957,269.1233133538448,299606.861233494,-2929.5531974424503,2224.7551893902173
966,high_ballistic,5,2,80000.0,-65000.0,0.0,2703.2069811402876,429.893086079118,1585.3147357243306,88502.99348978588,-63647.76240305015,4491.775766558237,2834.3311632620976,450.74586564991023,1482.5435888527425,HIT,0.0026609834675909404,167.8653786086605,555786.0737702413,10664.624697420504,115591.07916137454
967,quasi_ballistic,7,2,90000.0,20000.0,0.0,1570.3286935540912,-50.59170046605667,968.3060335410426,94710.98608066211,19848.22489860191,2914.7731006231297,1570.3286935540912,-50.59170046605667,974.8760335410441,HIT,0.059609426933220036,216.69315484675002,426257.86669715383,54910.29667597191,17755.232377858287
968,supersonic_cruise,2,2,10000.0,5000.0,0.0,905.068117763666,-27.156977550072444,120.0,12715.204353290974,4918.529067349773,259.7611575195571,905.068117763666,-27.156977550072444,64.09553699217709,HIT,0.011324114977141532,269.7933944253652,254181.3993355948,-2326.7731599937924,1801.585424361358
969,high_ballistic,5,0,80000.0,-65000.0,0.0,2782.287818092205,58.909225893337094,1470.1419309505818,88203.33546890412,-64826.311232405715,4443.44690791339,2734.4451563013804,57.896255864698304,1466.4339693044599,HIT,0.006242020679856765,171.7862498201773,549740.0784109455,-55054.219977081906,112219.79185616274
970,quasi_ballistic,6,2,65000.0,-15000.0,0.0,1683.8499516368288,-39.65956703368739,983.8626571198438,70051.54985491041,-15118.978701101114,2961.4429713595337,1683.8499516368288,-39.65956703368739,990.4326571198453,HIT,0.06141146788794558,215.50245408662113,425341.2778398653,-50908.005110450846,32015.90515795415
971,supersonic_cruise,2,2,10000.0,5000.0,0.0,1119.3555714689126,-76.2026262598294,120.0,13358.066714406741,4771.392121220488,259.7611575195571,1119.3555714689126,-76.2026262598294,64.09553699217709,HIT,0.006516887656115188,254.03393779820843,294354.3033271858,-14358.053227426775,3858.962172854962
972,high_ballistic,6,2,65000.0,-15000.0,0.0,2853.2801431596918,-20.265181461300827,1549.5225933256295,73855.01743504984,-15062.89201415937,4449.465398181558,2951.6724783500154,-20.964004719792708,1468.4401327271826,MISS,23.355182485249102,164.5877472354904,550809.1232313585,-18450.417432353035,113658.91664489152
973,quasi_ballistic,3,3,45000.0,45000.0,0.0,1397.6295249117977,-7.549712281608659,940.0398188045149,49192.88857473526,44977.35086315515,2829.9744564135467,1397.6295249117977,-7.549712281608659,946.6098188045164,HIT,0.027216540969540442,237.51341566817965,374319.94467738166,70447.13788248497,38787.60453168454
974,supersonic_cruise,1,1,30000.0,-35000.0,0.0,1093.462373804982,29.55428879248855,120.0,33280.387121415006,-34911.33713362273,259.7611575195571,1093.462373804982,29.55428879248865,64.09553699217709,HIT,0.0014973767753111928,264.1259350551069,318811.7718639395,-27193.945837093524,3389.7607663154904
975,high_ballistic,4,3,25000.0,85000.0,0.0,3021.9451171419314,-264.73665647826255,1557.6391980701721,34092.77378284634,84203.43009681732,4614.928516138028,3030.9245942820858,-265.52330106076107,1523.5945053793391,HIT,0.006088343510147485,179.16341844157006,568030.8110991204,37427.93862831164,120796.98594054609
976,quasi_ballistic,3,2,45000.0,45000.0,0.0,1652.921592796783,-135.05764097660972,979.8136327034406,49958.76477839032,44594.82707707022,2949.295898110324,1652.921592796783,-135.05764097660972,986.3836327034421,HIT,0.05689376789063556,215.59176644228322,401736.1680409508,41057.76819226893,36663.149132912986
977,supersonic_cruise,1,1,30000.0,-35000.0,0.0,1186.0367818078603,44.29979250686107,120.0,33558.11034542361,-34867.10062247963,259.7611575195571,1186.0367818078603,44.2997925068611,64.09553699217709,HIT,0.03432194642227637,232.75239334468438,306052.89839134726,-24689.11725037962,2887.0682313609486
978,high_ballistic,0,2,15000.0,-75000.0,0.0,3139.604662182653,385.10341639065206,1451.5630568172191,23434.491185493116,-73965.4266315198,4818.745524595478,2811.497061831063,344.85778949338095,1591.5335081984892,HIT,0.003545382370114563,182.57107475574063,528298.0400641419,-12038.943102002966,132446.6257939028
979,quasi_ballistic,3,3,45000.0,45000.0,0.0,1576.8594397770544,41.20856230657418,935.8592962069666,49730.57831933111,45123.625686919695,2817.4328886209023,1576.8594397770544,41.20856230657418,942.4292962069682,HIT,0.021168203344057526,230.56551710713762,403876.6809255311,93469.84838919551,33013.896743107056
980,supersonic_cruise,9,0,85000.0,-85000.0,0.0,971.6739365822623,165.83988433937455,120.0,87915.02180974669,-84502.4803469819,259.7611575195571,971.6739365822623,165.83988433937455,64.09553699217709,HIT,0.004939752755919253,250.08327873273853,327999.40369957313,-43526.217967986646,3616.0856126662866
981,high_ballistic,6,2,65000.0,-15000.0,0.0,3235.340968857305,1.6382956360627885,1391.7892311516273,74036.17377543906,-14995.424307915091,4440.741577346214,3012.057925146267,1.5252306949515553,1465.5321924487346,HIT,0.012639804020311278,164.18485091618228,559534.2804879904,-14749.579410874478,113227.71370064723
982,quasi_ballistic,9,1,85000.0,-85000.0,0.0,1499.954077165926,232.84540252899794,819.0403020967948,89499.86223149812,-84301.46379241283,2466.9759062903863,1499.954077165926,232.84540252899794,825.6103020967963,HIT,0.01452571845574103,209.87920076697642,395947.61441022984,-22992.01680646428,18971.60456131803
983,supersonic_cruise,3,2,45000.0,45000.0,0.0,1177.6279031041481,-141.25929522513113,120.0,48532.883709312446,44576.22211432448,259.7611575195571,1177.6279031041481,-141.25929522513113,64.09553699217709,HIT,0.036480868586228336,223.70461017207643,308440.78958856454,13399.644450611717,3645.2109157592204
984,high_ballistic,1,2,30000.0,-35000.0,0.0,2788.2022449680762,349.2063946011117,1627.1076273837068,39392.84786569071,-33823.59949170306,4302.816309191871,3130.9492885635955,392.1335027655884,1419.5571030639537,MISS,18.664453768610993,168.7504496462294,558349.0966549792,31172.69622783267,104838.96193338741
985,quasi_ballistic,0,0,15000.0,-75000.0,0.0,1567.909088280778,139.29957025228077,881.980776217766,19703.727264842382,-74582.10128924344,2655.7973286533,1567.909088280778,139.29957025228077,888.5507762177675,HIT,0.016215010528751697,240.2376001414767,386450.5618768637,-12224.821198503878,40098.18078400425
986,supersonic_cruise,3,2,45000.0,45000.0,0.0,944.4737400164516,-46.94600860280878,120.0,47833.421220049204,44859.16197419152,259.7611575195571,944.4737400164516,-46.94600860280878,64.09553699217709,HIT,0.010558562228570802,251.34219140816617,282386.0991109278,33200.48733928928,3512.918866941048
987,high_ballistic,5,0,80000.0,-65000.0,0.0,3170.1005328380143,-82.5803418812206,1397.8227122786964,88189.87252507592,-65213.34417192076,4825.423678018083,2729.9575083585937,-71.11472397363791,1593.7595593393576,MISS,84.90906525245725,166.13860514909896,533551.33239435,-76814.90090386834,134286.4708969182
988,quasi_ballistic,4,4,25000.0,85000.0,0.0,1632.0947609247696,-165.29600651914402,1096.5327026255618,29896.284282774213,84504.11198044283,3299.453107876688,1632.0947609247696,-165.29600651914402,1103.1027026255633,HIT,0.05765452548037617,231.23746266808936,390698.80356599984,-2754.549901207696,32266.4356259493
989,supersonic_cruise,5,0,80000.0,-65000.0,0.0,1009.524309277197,69.08834800766522,120.0,83028.57292783156,-64792.73495597707,259.7611575195571,1009.524309277197,69.08834800766522,64.09553699217709,HIT,0.0009743638682187375,254.67202097208087,337097.5961091706,-47405.130789389164,3642.6467956607166
990,high_ballistic,1,1,30000.0,-35000.0,0.0,3010.1609928346775,7.891390537812678,1470.3122854813575,39551.000939513244,-34974.96124671743,4126.401150464901,3183.666979837794,8.3462510942246,1360.7520501549636,HIT,0.024717061879627876,162.8982524998415,548613.7858711825,-33640.41047030223,96299.95181466498
991,quasi_ballistic,9,1,85000.0,-85000.0,0.0,1620.877697411162,288.50000692487566,965.5996870413233,89862.63309223315,-84134.4999792258,2906.654061123972,1620.877697411162,288.50000692487566,972.1696870413248,HIT,0.022476290746688894,209.11645654602705,423210.55474839924,-24173.855255329134,20180.942553457047
992,supersonic_cruise,2,2,10000.0,5000.0,0.0,1141.0372335250158,-52.38011248939574,120.0,13423.111700575064,4842.859662531828,259.7611575195571,1141.0372335250158,-52.38011248939574,64.09553699217709,HIT,0.0011565818995690504,257.76940409793787,304124.4877813356,-8501.990382024444,2450.535407711573
993,high_ballistic,4,4,25000.0,85000.0,0.0,3363.4391467805217,-57.23248592596567,1418.7870412380373,35065.43558114194,84828.72593345761,4222.737891731944,3355.145193713957,-57.09135551407546,1392.864297243978,HIT,0.013424083356240495,164.92102982002086,578333.9998013233,75584.43566044769,101155.41849279238
994,quasi_ballistic,2,2,10000.0,5000.0,0.0,1409.2370949593164,-125.45414269047448,851.0520807486765,14227.71128487795,4623.637571928593,2563.0112422460325,1409.2370949593164,-125.45414269047448,857.6220807486781,HIT,0.0247038693485687,227.52112363933165,328770.9297433698,2940.6766414395333,36039.163501789066
995,supersonic_cruise,4,4,25000.0,85000.0,0.0,911.6892563258589,-134.04981615130384,120.0,27735.067768977533,84597.85055154585,259.7611575195571,911.6892563258589,-134.04981615130384,64.09553699217709,HIT,0.0009950028573493738,247.61092155051085,250744.21689222992,51807.8014872567,2894.1739129304483
996,high_ballistic,5,0,80000.0,-65000.0,0.0,3062.9950686029856,-74.65823445248114,1341.8623918673202,87629.22882298852,-65185.95679764447,4804.452657713495,2543.076274329382,-61.98559921482995,1586.769219237828,HIT,0.0003250452757195605,171.62006429807013,516442.9137035023,-75637.97250251303,132903.0611257684
997,quasi_ballistic,1,2,30000.0,-35000.0,0.0,1470.334824541928,89.61201248896174,895.1450115192956,34411.0044736258,-34731.16396253317,2695.290034557889,1470.334824541928,89.61201248896174,901.7150115192971,HIT,0.07669317248911008,232.6474437618928,364856.63784953323,24241.372915581363,38643.86316855809
998,supersonic_cruise,5,0,80000.0,-65000.0,0.0,1155.5114473938422,80.88590451570171,120.0,83466.5343421814,-64757.34228645277,259.7611575195571,1155.5114473938422,80.88590451570171,64.09553699217709,HIT,0.0009524396592541215,242.02408970472848,359661.6061687642,-45423.662588209336,1783.3868021386397
999,high_ballistic,2,1,10000.0,5000.0,0.0,2952.018370341595,-295.1218974399857,1516.3026364468542,19929.937830658237,4007.275116073958,4012.8168689572476,3309.9792768860734,-330.90829464201914,1322.890622985746,HIT,0.04959693202678561,164.10497503065673,553184.061815842,-49303.69079689281,89828.74352381495
